product_id,product_name,rating,sentiment_score,review_title,review_text,verified
B07YBXFDYN,Skyrim VR - PlayStation 4,5.0,0.933,Legendary,The BEEST game anyone could ever buy. Literally one of my favorites and could spend endless hours exploring in the game. REally good game to play with multiple adventures and stories. Can always pick up nad have something to do! Wonderful game!,False
B07YBXFDYN,Skyrim VR - PlayStation 4,5.0,0.421,Five Stars,My son likes this,True
B07YBXFDYN,Skyrim VR - PlayStation 4,5.0,0.992,I love this game,"I love this game. I've been playing Skyrim since day one. I've had to replace it 4 times on the Xbox 360, but that is okay cause it is awesome. So awesome I own it not only on the 360, but the PC as well. Skyrim is a beautiful, awesome game. One of Bethesda's best effort.",True
B07YBXFDYN,Skyrim VR - PlayStation 4,4.0,0.921,Where's Skyrim: Dawnguard?,"I've finally decided to get this game for myself, but just as I was about to get the nerve to buy it, I saw a commercial on tv advertising for a NEW version of Skyrim called 'Skyrim: Dawnguard' that has added bonus features like a feature to allow the player to create a PC character that can either be a vampire or a werewolf in the game and a lot of other features that upgraded it from the original Skyrim version. I want to try playing as either a vampire or werewolf.<br /><br />I'm all set to preorder Dawnguard, but I don't see it anywhere on the sight, even though if i do a search for it through Amazon's search engine a drop box shows up with dawnguards name if i just type in skyrim, but all I'm getting is the old Skyrim games when I hit the search button with no sign of Dawnguard anywhere.",False
B07YBXFDYN,Skyrim VR - PlayStation 4,4.0,0.925,Where's Skyrim: Dawnguard?!,"I've finally decided to get this game for myself, but just as I was about to get the nerve to buy it, I saw a commercial on tv advertising for a NEW version of Skyrim called 'Skyrim: Dawnguard' that has added bonus features like a feature to allow the player to create a PC character that can either be a vampire or a werewolf in the game and a lot of other features that upgraded it from the original Skyrim version. I want to try playing as either a vampire or werewolf.<br /><br />I'm all set to preorder Dawnguard, but I don't see it anywhere on the sight, even though if i do a search for it through Amazon's search engine a drop box shows up with dawnguards name if i just type in skyrim, but all I'm getting is the old Skyrim games when I hit the search button with no sign of Dawnguard anywhere.",False
B07YBXFDYN,Skyrim VR - PlayStation 4,5.0,0.892,Great product,My husband lives this game he could play for 24 hours straight I think lol 🤔🙄😤 but he's happy with the game,True
B07YBXFDYN,Skyrim VR - PlayStation 4,5.0,0.459,#1,#1 item on our grand son's Christmas list,True
B07YBXFDYN,Skyrim VR - PlayStation 4,5.0,0.95,Five Stars,Got a really great deal.  Happy happy happy.,True
B07YBXFDYN,Skyrim VR - PlayStation 4,5.0,0.44,Five Stars,It's a good purchase,True
B07YBXFDYN,Skyrim VR - PlayStation 4,5.0,0.843,Great Game as you should already know.,I have the PS3 and the Xbox 360 version so Yeah I had to get this version as well.,True
B07YBXFDYN,Skyrim VR - PlayStation 4,5.0,0.757,great game!,Been playing this game for over a month for several hours a day and I still have not finished the game. Longest lasting game I ever bought!,True
B07YBXFDYN,Skyrim VR - PlayStation 4,4.0,0.0,Seemingly decent game but I can't really comment on it ...,Seemingly decent game but I can't really comment on it at this time as I've spent very little time with it (working through Morrowwind first),True
B07YBXFDYN,Skyrim VR - PlayStation 4,5.0,0.991,A wonderful addition to the TES series [UPDATED],"I've been a fan of The Elder Scrolls since Morrowind, and I was quite excited for this release.  I must admit, that between the issues I had with finally getting Oblivion to run, and what I heard about Fallout: New Vegas (I fortunately didn't have time to play that one right away,) I was nervous that Bethesda would release yet another title with game-breaking bugs.  Well, I haven't had any problems thus far (several hours of play so far.)  What I have noticed is how much they improved the system!  It looks to me like they borrowed heavily from the recent Fallout titles.  My review will be focusing on the mechanical aspects of the game:<br /><br />*Skills and leveling seem less obtuse.  They got rid of the stats, so you have more freedom to decide which skills you level.  You no longer have to worry about the age-old TES question ""Should I tag that skill?  Or will it cripple my character?""  They also removed the ""you must rest in order to level up"" requirement, which is a bit more convenient.<br /><br />*The crafting system seems to borrow heavily  from Fallout: New Vegas (and games like World of Warcraft.)  You no longer need to carry repair hammers around.  Instead, you find raw materials and instead of maintaining your equipment, you can improve it.  Over all, this makes the skills feel more useful, and at the same time, it seems that it reduces the tedium (stopping in the middle of a dungeon to repair my damn boots in Morrowind/Oblivion was always annoying!)<br /><br />*Questing has improved!  The quest log is far easier to follow than it has been in previous titles.<br /><br />*Combat hasn't changed too much, though they added the ability to equip a weapon in your offhand.  Getting the rhythm down to fight this way takes a little time, but it's a welcome change!<br /><br />*The voice-acting is immensely better than it was in Oblivion!  The towns feel more fleshed out this time around.<br /><br />*Of course the graphics have improved.  TES series seems to have always been on par or ahead of the rest when it comes to visuals.  And consistently with the previous titles, the music is still great!<br /><br />*The men in this game are so manly that they don't wear coats!  EVEN WHEN STANDING AROUND WAITING TO MUG YOU ON A SNOWY MOUNTAIN!<br /><br />A word of advice:  Leave the giants alone!<br /><br />Update (1/7/12)<br /><br />Still adding on hours to the game, and I haven't ran into anything game-breaking.  Every now and then the game will threaten to lock up, but I don't think I had to ever reset my console.  Also, I haven't had too many problems with quests, which seems to be a common complaint from other users.  Again, I've played other Bethesda titles, and I think dodging some of the big glitches is the luck-of-the-draw; I've had attempts at Oblivion and Morrowind that stalled within the first few hours, and I've also had complete play-throughs with very few hang-ups.<br /><br />Update (4/3/12)<br /><br />Still playing this game from time to time!  And I still haven't run into many serous glitches.  A few graphical errors, and that's about it.  If I play for a long time, the game seems to get a little fussy (and it may be because of heat issues with the PS3 itself.)  There are still many areas to explore, and tons of quests to complete, so I haven't tested everything yet (even after all this time!)  Skyrim still has my highest recommendation!  In fact, with respect to my experiences, it's probably the most stable game Bethesda has released to date, and every bit as fun as the previous titles!",True
B07YBXFDYN,Skyrim VR - PlayStation 4,5.0,0.988,Love this! The updated graphics are seriously amazing.,"I didn't think I would like this so much, being as it is my 3rd full play through, but I have to say: get it. It's awesome. So clear and clean and beautiful. Skyrim is my go-to relaxation game and the upgrades make it that much better.",True
B07YBXFDYN,Skyrim VR - PlayStation 4,3.0,0.726,The game is fun in it's own way but not nearly as fun ...,"The game is fun in it's own way but not nearly as fun as Morrowind or Oblivion. In a lot of ways they have dumbed down the game to make it more appealing to a broader audience. One of the more frustrating things is the beginning of the game. It is fun to watch once, maybe twice, but you have to sit through it every time you create a new character. In previous games you could skip it but not this time around. There are more annoying aspects to the game but I do not wish to post any type of spoilers for those who decide to ignore the negatives and venture forth on their own.",True
B07YBXFDYN,Skyrim VR - PlayStation 4,5.0,0.992,You'll have to choose between your life-in-game and real life.,"I am 45 old male, medical professional, last time played video games maybe 20 years ago. Tried this one by recommendation of my friend ( an intellectual, computer programmer that works in Manhattan) which was addicted to this game. Immediately I got addicted too, and can't stop playing. What I love is amazing scenery, life-like interactions with endless game characters, great adventures, and the sense that you  can just live in there, doing anything you want in the way you want.<br />Truly amazing masterpiece, if I had to choose only one game for my whole life, that would be the one. Must try, be careful though - your real life will be abandoned :) Good PC is recommended, too, to enjoy the game in fullest. I don't know how the game looks on medium graphic settings, I have it on ultra-high, and it it absolutely fascinating.",True
B07YBXFDYN,Skyrim VR - PlayStation 4,5.0,0.848,Great game,"Great game, always new things to do and discover.",True
B07YBXFDYN,Skyrim VR - PlayStation 4,4.0,0.802,Fun game,There are plenty of challenging items in this game to make it fun. I found myself wanting not to put it down until I finished a section.,True
B07YBXFDYN,Skyrim VR - PlayStation 4,5.0,0.318,Perfecto,Funcionó muy bien,True
B07YBXFDYN,Skyrim VR - PlayStation 4,5.0,0.881,"Words of power, calling to us all","Having almost 100 hours logged, I think it's safe to say that I am having a great time playing this game. I've solved three quest lines (the main quest, the thieves guild, and the fighters guild), as well as a host of other side quests, and still have at least 20 quests in my log. Undoubtedly there are plenty more quests to discover, as well as continue to explore the world, and there are some aspects I haven't even touched yet. This is definitely the most hours (and fun!) I've logged on any Bethsoft game.<br /><br />In those hours, I've had very few crashes, less than I can count on two hands. My computer has an i7-920 with 6gb of RAM using the 64 bit version of Windows 7, an HD5570 Radeon video card, and a 240gb Vertex SSD. None of these are cutting edge, almost everything being a year old, and I am getting satisfactory performance, and nothing to complain about.<br /><br />I'm not going to post a full review here. There are plenty of comprehensive reviews, and I see no need to reiterate those. I think for me, the most annoying issue I've seen so far is<br />the menu selection system. Some times, mouse clicks are not registered. Many times, when I choose a selection, it will actually select something else. It's rather annoying when you try to trade stuff with your follower and the system instead chooses the option to release your follower. I've seen this complaint enough that I hope ""they"" will address it with a patch soon.<br /><br />Now if you'll excuse me, I think I saw a dragon over by that mountain.",False
B07YBXFDYN,Skyrim VR - PlayStation 4,1.0,-0.817,One Star,Worst vr game ever! Terrible FPS. and movement.,False
B07YBXFDYN,Skyrim VR - PlayStation 4,1.0,-0.829,Graphics look like a PS2 game,"Alright honest review here, Graphics look like a PS2 game im not joking at all, how can people compare this game to Masterpiece Resident evil 7 ? wow some reviews really don't make sense. I have all the VR games and this game has the worst vr graphics I have ever seen , and then the movement is really bad it moves so fast , wow I wasted 40 DL in this game and 30 DL on DOOM VFR , that's 70 already ! this makes me mad man people rating this game 5 stars, the only games on VR that desrves 5 stars Are Resident evil 7 and FARPOINT, im dissapointed with bethesda now I will be afraid of buying Bravo Team in the future because they made me trash 70 dl so far.",False
B07YBXFDYN,Skyrim VR - PlayStation 4,2.0,-0.899,Not worth price,"I do not see great improvement over 360 version.  The pc add-ons are nice ,but kill achievements.  Can not recommend purchase if you have copy on 360.  Also you need to adjust tv screen ratio size to fit game display, it will cut off writing if in auto screen setting.",True
B07YBXFDYN,Skyrim VR - PlayStation 4,5.0,0.572,Five Stars,It's wonderful.,True
B07YBXFDYN,Skyrim VR - PlayStation 4,3.0,0.966,"It's good, but a little hyped.","As a huge World of Warcraft fan, I decided to take a dive into the fifth release of the elder scroll game series for fun. I wasn't as impressed as I should have been I suppose. The gameplay and storeline are pretty solid, and graphics are decent. Aesthetically however, Skyrim lacks. Character control feels janky, and the look/feel of everything lacks depth.<br /><br />I would have to split my review on Skyrim two ways:<br /><br />Short term gameplay: B+<br />Long term gameplay: C-<br /><br />The perpetual dark mood, and closed environment aspects of Skyrim make it a hard game to play time and time again. Overall however, a good game.",False
B07YBXFDYN,Skyrim VR - PlayStation 4,5.0,-0.006,A Whole New World,"Prepare to step into a brand new universe. Grab your cheese balls and energy drinks in bulk, because you're not going to want to let go of the controller once you start playing. The Legendary Edition only adds to the insane level of immersion. There is literally too much gameplay to ever complete this.",True
B07YBXFDYN,Skyrim VR - PlayStation 4,5.0,0.868,Still playable and still awesome in 2015.,"All the expansions, many of the bugs fixed (with many more fixed via free Steam mods), this is the benchmark version of Skyrim.<br /><br />Content-per-dollar, the value proposition of this is just silly.<br /><br />Come on, you know you want to make one more stealth archer...",True
B07YBXFDYN,Skyrim VR - PlayStation 4,5.0,0.681,Five Stars,Outstanding game that you can truly get lost in.,True
B07YBXFDYN,Skyrim VR - PlayStation 4,5.0,0.656,Very addicting,Great game,True
B07YBXFDYN,Skyrim VR - PlayStation 4,5.0,0.902,Make sure to get a microsoft wireless adapter and xbox controller as well!,Was a gift - They love it!,True
B07YBXFDYN,Skyrim VR - PlayStation 4,5.0,0.4,Addictive,I could play it all day! I limit it to 2 or 3 hrs a day.,True
B07YBXFDYN,Skyrim VR - PlayStation 4,5.0,0.371,Must have game for any role player gamers,"Simply fun for a long time so far.  I play about three to four hours a day since I got it now for about fourteen days.  I'm not as good as some I see on you tube beating stuff on level one they do and I'm level seven and still calling it a fight.  Besides me being lame, the nice part is you can level up quick by making weapons like daggers non stop in white run, or by making potions again white run, or by even if your level one or so just take a rubber band around your xbox controller and make your character sneak for an hour against a door or wall where there's people around, you will go up in sneak quick and probably a few levels for character and no work other than watching for the the system to make you reconnect or return on you controller which will shut off in about every twenty minutes or so.  I just bought a house and am about level fifteen or eighteen not sure now, cash will come later and a lot of time is spent with potions, smithing, and using soul gems to make weapons to then sell them for good cash instead of peasly amounts for unmagical stuff.  I get two hundred to five hundred an item now, turn undead weapons pay the best I've noticed, even with just a few charges in them.  It's a game that will draw you in to wanting to just get one more thing done or get ready for the next day as is the way I play.  Killed my first dragon today and two ogres (ogres from distance with arrow one hit from them or two would kill me) was a rush.  I highly recommend this game though I don't appreciate how now I can smith dwarven and elvish armor and it's barely any better than just leather or studded, kind of ticked me spending perks since you only get one perk point a level to spend.  Oh well keeps playing turf even I guess instead of becoming to bad ass, lol.  Get this game if you like role playing getting used to fighting is a slight challenge to keep facing the foe or being the right distance to hit him with weapons.  I use fire on my left hand and a sword in my right seems to work for me the best.  Good luck and enjoy the journey.",False
B07YBXFDYN,Skyrim VR - PlayStation 4,5.0,0.923,Epic game !,"I've played Oblivion, Icewind Dale, ... Skyrim is an amazing epic game that is worth every penny. Every serious ""gamer"" has played this game, because it is epic. You really don't need to read reviews on this, it is a must have. For young kids, the only negative I've experienced is the violence and the fact that when you take an NPC's clothes (looting) they are now wearing buckskin underwear. For teens this is a very tame game.<br /><br />Bethesda did an amazing job with the dragons and my kids and myself have all jumped in our seats while playing because they must have programmed it so that the dragons sneak up on you on purpose !  Amazing game and we are all eagerly awaiting the release of ESO !",True
B07YBXFDYN,Skyrim VR - PlayStation 4,5.0,0.185,It's Skyrim,If you've never played Skyrim then buy and play this upgraded version.  If you have played Skyrim then buy and play this upgraded version,True
B07YBXFDYN,Skyrim VR - PlayStation 4,4.0,0.953,"Great game, but constantly crashes","I absolutely love open world type games, and few do that better than Bethesda.  Skyrim is an awesome game that can easily suck many hours of productivity from your life.  Even after solving the main quest, there hour hours, and hours, and hours of side quests.  So, why only four stars?  Because this game CONSTANTLY crashes.  I have not ever had another Xbox game crash, but this will crash, at least, once a session.  It definitely seems to happen later in the game.  Presumably it doesn't handle all of the history that gets accumulated of your progress... but, whatever it is, it is EXTREMELY fustrating.  The internet has tons of other examples of people suffering from the same issues.  Apparently, while Bethesda is great as designing games, they are not very good at testing them.  I had the same issues with their previous game, Oblivion.",True
B07YBXFDYN,Skyrim VR - PlayStation 4,4.0,0.9,It sure did look good on the big-screen TV,"I got the PS3 version of Skyrim when it came out.  It sure did look good on the big-screen TV.  However, progress was painfully slow, and I got tired of the rather repetitious low-level missions.<br />Frankly, I got the PC version so I could cheat.  Naughty naughty.... But it's much easier to check the marvelous landscape out if you start at a decent level with some decent weapons and armor!<br /><br />Also, I wanted to try some of the many available mods.  All possible with the PC version, not so on the console.<br /><br />Finally, I'm an old PC gamer from way back, and the whole controller thing was new to me.  I never have quite gotten down with the controller... The keyboard just seems to naturally lie under my fingers.<br />Besides, I have a nice new 24&#34; monitor and a potent graphics card....",True
B07YBXFDYN,Skyrim VR - PlayStation 4,5.0,0.943,Great for quarantine,I love Skyrim games and this one is no exception. I guarantee you will enter this world and be lost for hours and hours and enjoy everyone minute of it. I recommend this game to deal with the quarantine we are currently facing. This game will definitely keep you at home playing.,True
B07YBXFDYN,Skyrim VR - PlayStation 4,5.0,0.955,Probably the best and largest game I've ever played,Probably the best and largest game I've ever played. Second best game is fallout. Also made buy them. Purchase this game.,True
B07YBXFDYN,Skyrim VR - PlayStation 4,5.0,0.848,Great,Great game especially after it got patched.,True
B07YBXFDYN,Skyrim VR - PlayStation 4,5.0,0.848,Great transaction,"Item as was stated, fast shipping, great seller, and highly recommended...Thank you.",True
B07YBXFDYN,Skyrim VR - PlayStation 4,5.0,0.71,Five Stars,"great game, comes with everything. been playing it alot.",True
B07YBXFDYN,Skyrim VR - PlayStation 4,5.0,0.836,Gotta love Skyrim.,I have played Skyrim since it came out on the 360 so if you're a big Skyrim fan obviously it will always get it for the next console.,True
B07YBXFDYN,Skyrim VR - PlayStation 4,5.0,0.935,Love this game,Skyrim is an amazing game that ability to have mods is grat and the graphic update just beautiful,True
B07YBXFDYN,Skyrim VR - PlayStation 4,3.0,0.411,Jack of all Trades,"The game makes you a jack of all trades. You can not be just a warrior, rouge, magic type. You can not be good or evil. Game limits you to 81.5 levels. Not enought points to raise all trees that you may like. On the PC the mods change that so you can go higher in levels and increase the trees. It is not like previous Elder Scrolls. Evniroment is great, But if ya like a game that follows a specific path, yes, quest wait for you, world does not continue, you can change the selection of quest and when to get them done. Try to do the civil war first before completing the Greybeard quest.",True
B07YBXFDYN,Skyrim VR - PlayStation 4,5.0,0.903,Just can't stop buying different version of Skyrim,"I said I wasn't going to buy yet another various version of Skyrim and here I am. It is very fun being able to experience this game in 3D and there are a lot of great quality features to it that make it easy to use. Boy are magic and archery fun with this! Still have all the original bugs and issues, along with the same level of graphics, but it is worth it!",True
B07YBXFDYN,Skyrim VR - PlayStation 4,5.0,0.802,SIX STAR RATING!,"This is, after Super Mario World on the SNES, my favorite game of all time. I'd give this six stars if I could.",True
B07YBXFDYN,Skyrim VR - PlayStation 4,1.0,-0.563,Dissatisfied,Would not play on x box 1,True
B07YBXFDYN,Skyrim VR - PlayStation 4,5.0,0.848,Five Stars,"Great remaster of an already great Game,Love the Mods on Xbox",True
B07YBXFDYN,Skyrim VR - PlayStation 4,5.0,0.972,It looked fun but I have seen other people play the Elder ...,Welcome to the most addicting game of 2011. I bought this for my boyfriend at the time and he NEVER put it down. It looked fun but I have seen other people play the Elder Scrolls games and get lost to the world. But I guess if its that fun that must mean its a good game.,True
B07YBXFDYN,Skyrim VR - PlayStation 4,5.0,0.765,Perfect edition for fans of the original,"The game is great and this package includes some mods and all of the downloadable content. The graphics have been improved slightly, but the story and gameplay is what drives the game.",True
B087NNPYP3,The Legend of Zelda: Breath of the Wild Master Edition - Nintendo Switch,5.0,0.765,Must buy for switch,My main reason for buying a switch. And with a new Zelda released I picked this up again to run through again. Easily you can put in 100hrs into this open world zelda. Possibly the best game on switch a must have.,True
B087NNPYP3,The Legend of Zelda: Breath of the Wild Master Edition - Nintendo Switch,5.0,0.96,The promise of additional content for a tremendous game..,"I recently purchased the &#34;The Legend of Zelda: Breath of the Wild Expansion Pass&#34; (for the Nintendo Switch game) ..and I'm hoping that it will prove to be a very good buy!<br /><br />Thus far, I am really loving the game &#34;The Legend of Zelda: Breath of the Wild!&#34;  And this expansion pass promises to add even more new content to the game at some point later this year.<br /><br />Although most of the additional content is not available yet.. I'm betting that it will definitely be worth the price of the expansion pass ..based on what I've already seen within the game.",True
B087NNPYP3,The Legend of Zelda: Breath of the Wild Master Edition - Nintendo Switch,5.0,0.968,Fantastic game so far!,"I recently purchased the Nintendo Switch version of the game &#34;The Legend of Zelda: Breath of the Wild&#34; and I must say I am very pleased with it!<br /><br />Keep in mind I haven't played it for very long, ..but this game appears to be simply awesome!<br /><br />Breath of the Wild definitely looks like a game that I am going to be playing for a long, long time to come.  The sheer size and depth of the world (and it's gameplay) seems incredible.<br /><br />As a huge fan of the Zelda series I was hoping this game would be something special.. and that most definitely seems to be the case!",True
B087NNPYP3,The Legend of Zelda: Breath of the Wild Master Edition - Nintendo Switch,1.0,-0.32,bad game did not like it,fun for an hour then never used again,True
B087NNPYP3,The Legend of Zelda: Breath of the Wild Master Edition - Nintendo Switch,5.0,0.962,Enthralling,"The last time I played Zelda was the original Legend of Zelda - this is a sweet way to get back into it, and I am loving it! The content is rich and varied and the graphics are so pretty.",True
B087NNPYP3,The Legend of Zelda: Breath of the Wild Master Edition - Nintendo Switch,5.0,0.751,Love it,Just the Kurok mask and Heros Path options alone made it worth it.,True
B087NNPYP3,The Legend of Zelda: Breath of the Wild Master Edition - Nintendo Switch,5.0,0.765,Good game,Grandson was happy with this,True
B087NNPYP3,The Legend of Zelda: Breath of the Wild Master Edition - Nintendo Switch,5.0,0.954,One of Nintendo Switch’s best games!,"Yeah I’m a grown kid that enjoys playing video games! And yes... This game is the reason I purchased a Switch and trust me I didn’t get let down! There is other good titles as well but come on, Zelda is Zelda! One of Nintendo’s best games!",True
B087NNPYP3,The Legend of Zelda: Breath of the Wild Master Edition - Nintendo Switch,5.0,0.947,By far my favorite Switch game,"This was supposed to be for my daughter, but I play the game more than she does. This is a fun interactive expansive some what self directed land. You choose tasks based on what you want to do and can tame horses, build a house (once you play it enough) and explore for hours. My biggest complaint is how easily all the weapons break, but since this world literally has them scattered everywhere you are never that far off from replenishing your shield, sword, bow, and stock of goods. You can cook by adding random ingredients to pots with fire, and you solve puzzles to learn new magic skills. While other games we finish and sell (we buy the physical games, not digital downloads) this one we have played for months without losing interest. It is reminiscent of some Kings Quest PC games, including the tendency to get lost on side quests and accidentally skipping over important bits you need to go forward. But never fear, there is a huge online community that can help you get unstuck.",True
B087NNPYP3,The Legend of Zelda: Breath of the Wild Master Edition - Nintendo Switch,5.0,0.984,Very Fun Game,"This is an open world, and it is very fun to explore.  You are suppose to save Zelda again, this time she woke you from 100 years of sleep.  There are a lot of side quest.  These are optional, but do add to the story and gives you time to explore the world.  The tutorial gives you the chance to learn the game mechanics so you are not thrown into a situation not knowing how to play.  This is a really nice action adventure game and is a great addition for any Zelda lover.",True
B087NNPYP3,The Legend of Zelda: Breath of the Wild Master Edition - Nintendo Switch,2.0,0.838,Time Consuming Drudgery,"I tried, and tried, and tried ... I've put in maybe 30 hours to date, and I've gotten basically nowhere. And I don't really feel like moving on at this point.<br /><br />This is a huge, HUGE game. I've explored maybe 10%. The graphics are excellent, the soundtrack is great if a bit minimalist. It's big, it's WIDE open, and it's super-involved. Weapons break on you. Stocks of ammunition (i.e. arrows) run out. If you want to eat, you need to collect and then cook your food. If you want to cook your food you need to find yourself some fire. And on, and on.<br /><br />Big, open, involved -- all of these are probably plusses for a lot of gamers, and this game has certainly received its fair share of great reviews. But here's the thing: I'm an adult, with a real life and responsibilities. And every time I sit down in front of this game I spend two or three hours collecting supplies and cooking food and fighting various monsters, all without making much progress. Why bother?!<br /><br />Breath of the Wild, maybe it's not you. Maybe it's me. But you're no Link Between Worlds. You're certainly no Ocarina of Time. You feel like a big mess of a game that just doesn't quite come together and, as phrased so brilliantly by Sweet Brown, ain't nobody got time for that.",True
B087NNPYP3,The Legend of Zelda: Breath of the Wild Master Edition - Nintendo Switch,5.0,0.984,Highly recommended for the entire family.,I'm 45 and I love to play video games.  I have played this and it is still one of my top favorite video games.  My 8 year old boy plays this every day and plays it again and again.  My 5 year old son likes to play it as well when my 8 year old is at school.  I try to play it when the kids are all at school and when I am not playing minecraft.  We enjoy it tremendously and can't wait to get the new one for Christmas and play that.  Highly recommended for the entire family.,True
B087NNPYP3,The Legend of Zelda: Breath of the Wild Master Edition - Nintendo Switch,5.0,0.919,Perfect,"Best game I've played in the last 5 years. The switch is worth getting just for this game. So much to do and discover, you never get bored.",True
B087NNPYP3,The Legend of Zelda: Breath of the Wild Master Edition - Nintendo Switch,5.0,0.801,Amazing game,This game is like fallout for the switch. I spend more time on all the side stuff than I do the main story and there's nothing wrong with that.<br /><br />Don't worry that's the only comparison to fallout I have as this game runs great. Some frame rate issues but the game hasn't crashed or anything and it saves all the time.,True
B087NNPYP3,The Legend of Zelda: Breath of the Wild Master Edition - Nintendo Switch,5.0,0.0,Five Stars,What can I say about Zelda??<br />It STILL rules!!,True
B087NNPYP3,The Legend of Zelda: Breath of the Wild Master Edition - Nintendo Switch,5.0,0.96,"A beautiful product,,make some purses like this ..coloring ohh I love the turquoise and brown accents!!","This is my sons,,but I so love the colors I would carry it as a clutch ,,the design and coloring is impressive..great quality..he uses it as the actual carrying case and probably would swat me for saying it would be a unique clutch..hey there are girls who love ZELDA too!!! Personally I like anything with an evil eye and this logo reminds me of it..",True
B087NNPYP3,The Legend of Zelda: Breath of the Wild Master Edition - Nintendo Switch,5.0,0.923,Excellent!,Great adventure game!Great adventure game!,True
B087NNPYP3,The Legend of Zelda: Breath of the Wild Master Edition - Nintendo Switch,5.0,0.938,AMAZING GAME!,"I honestly cannot remember the last time I was this addicted to a video game. Since the release, I have spent all of my free time playing Zelda. As lame as it sounds, I simply can't get enough! It is so good, and there are so many things to do and challenges to complete.",True
B087NNPYP3,The Legend of Zelda: Breath of the Wild Master Edition - Nintendo Switch,5.0,0.821,Love,It's everything I want a video game to be. I just get lost playing for hours in the game. So much fun. Nintendo makes some classic games.,True
B087NNPYP3,The Legend of Zelda: Breath of the Wild Master Edition - Nintendo Switch,5.0,0.949,Great affordable combo,Looked around for this edition that included the guide and found this solid price here on Amazon. The game on its own was the same price so it was a definite win for us. Son loved the game and read through the guide within a few days.,True
B087NNPYP3,The Legend of Zelda: Breath of the Wild Master Edition - Nintendo Switch,5.0,0.659,Must have!,Great all things Zelda,True
B087NNPYP3,The Legend of Zelda: Breath of the Wild Master Edition - Nintendo Switch,5.0,-0.126,"Incredible, must-have game with quaint, optional guidebook","Although I admittedly haven't utilized the included guidebook much at all, the game is incredible! I'll leave it to the professional reviewers to discuss the content, however 🙂",True
B087NNPYP3,The Legend of Zelda: Breath of the Wild Master Edition - Nintendo Switch,5.0,-0.477,Five Stars,"In retrospect, I doubt I'll miss the month of my life this game occupied.",True
B087NNPYP3,The Legend of Zelda: Breath of the Wild Master Edition - Nintendo Switch,5.0,0.0,Thumbs up!,"The download is available almost instantly, following the purchase. This was a needed addition to my BoTW game, and I'm stoked to get into it!",True
B087NNPYP3,The Legend of Zelda: Breath of the Wild Master Edition - Nintendo Switch,5.0,0.96,The Game is Playing you,Best game ever! It’s awesome to play and awesome to be played by Zelda team,True
B087NNPYP3,The Legend of Zelda: Breath of the Wild Master Edition - Nintendo Switch,5.0,0.625,Link and Zelda ride again,Great game for Link and Zelda,True
B087NNPYP3,The Legend of Zelda: Breath of the Wild Master Edition - Nintendo Switch,5.0,0.859,The Zelda we have all been waiting for!,"Just like everyone else out there, this game is the only reason that I purchased a Switch on launch. This is the open world Zelda adventure that we have all been waiting forever. It's been in development for almost 5 years & it shows. This game is an absolute masterpiece. GAME OF THE YEAR!",True
B087NNPYP3,The Legend of Zelda: Breath of the Wild Master Edition - Nintendo Switch,1.0,0.0,One Star,Over priced for an extra 12 mini missions,True
B087NNPYP3,The Legend of Zelda: Breath of the Wild Master Edition - Nintendo Switch,5.0,0.953,Worth the Money,We love BotW.  The best Zelda game ever and the expansion pass has added nice elements to an already great game.,True
B087NNPYP3,The Legend of Zelda: Breath of the Wild Master Edition - Nintendo Switch,4.0,0.681,My son likes it,My son likes it,True
B087NNPYP3,The Legend of Zelda: Breath of the Wild Master Edition - Nintendo Switch,5.0,0.971,BOTW FTW,This is the first Switch game I bought with my Switch recently. It’s a wonderful game and very addictive. I love exploring and completing shrines. You don’t even have to follow the main quest. BOTW really helps me relax with the madness going on in the world right now. The expansion pack is worth it! Majora’s Mask helps you explore more without being attacked by a good amount of enemies. 10/10,True
B087NNPYP3,The Legend of Zelda: Breath of the Wild Master Edition - Nintendo Switch,5.0,0.817,Five Stars,This game is beautiful and so much fun,True
B087NNPYP3,The Legend of Zelda: Breath of the Wild Master Edition - Nintendo Switch,5.0,0.765,Five Stars,Simply the best game I have ever played.,True
B087NNPYP3,The Legend of Zelda: Breath of the Wild Master Edition - Nintendo Switch,5.0,-0.666,Another hundred hours of playtime.,"Before buying this pass, I had already put in well over 100 hours of playtime into Breath of the Wild. I thought that any DLC would be redundant or not give me any entertainment beyond everything I had just experienced, but boy was I wrong. Between both DLC packs, which are a combined $20, you get more than enough playtime for your money.<br />Trial of the Sword (pack 1) is a gauntlet style trial where you start out without any weapons or armor and have to face several stages of enemies consecutively. Even after you beat it, its challenging nature gives it pretty high replay value. The Champion's Ballad (pack 2) adds to the storyline with several cutscenes, and gives you 15 new shrines and shrine quests, along with a final divine beast-esque dungeon and five boss fights. The final all-new boss can be fought as many times as you want, just like Calamity Ganon.<br />Pack 1 also gives you Master Mode, which is a hard mode with upgraded enemies (each enemy levels up by one color, e.g. every green enemy is now silver, and there are now gold enemies) that heal if they are not hit, and includes enemies that float on platforms. Even though it's the same game, Master Mode gives you an entirely new experience (especially if you don't play the game for a few months and come back to it having forgotten things like shrine locations), since you have to play with a much more defensive strategy. You also get hints for several pieces of armor scattered throughout the map, and a cool map feature that draws out your path and includes all your deaths.<br />The code itself will be e-mailed to you within a few minutes, and can be redeemed via browser or the switch itself. If you enjoyed Breath of the Wild at all (which you probably did), get this DLC right now.",True
B087NNPYP3,The Legend of Zelda: Breath of the Wild Master Edition - Nintendo Switch,5.0,0.457,Great game,Just don't like how if you beat the last guy you can't roam around and finish other items so you have to not beat him to get everything done.,True
B087NNPYP3,The Legend of Zelda: Breath of the Wild Master Edition - Nintendo Switch,5.0,0.989,YOU HAVE TO GET THIS GAME!!,"If you are a Zelda fan and/or a fan of Western RPG's like the Elder Scrolls series (for example) then you will LOVE this game. Hundreds of hours can be spent playing this game and exploring the VAST map that this game touts. Like nothing else the Zelda series have ever seen and that's all before the DLC that will be released later this year.<br /><br />Gameplay and the story is largely engrossing. You won't want to turn off your Nintendo Switch and you will be glad you purchased one if for nothing else than for the ability to play this game...but don't sleep, there's TONS of great Nintendo 1st party titles on the horizon that Nintendo fans will WANT TO PLAY!<br /><br />Back to Zelda though, the atmosphere, graphics, sound and gameplay are all SPOT ON. There's crafting of Food, Potions, Weapons and Armor as well as a bunch of quests, side quests and tons of hidden content to keep you engrossed for at least the next several months... The Game of the Year buzz that this game has received is 100% deserved. Get this game! You will LOVE It!",True
B087NNPYP3,The Legend of Zelda: Breath of the Wild Master Edition - Nintendo Switch,5.0,0.891,This game is beautiful and wondrous,"This game is beautiful and wondrous, with a misleadingly large amount of content to it, I highly recommend this for anyone that has a Switch.",True
B087NNPYP3,The Legend of Zelda: Breath of the Wild Master Edition - Nintendo Switch,5.0,0.868,It is Awesome!,It is Awesome!,True
B087NNPYP3,The Legend of Zelda: Breath of the Wild Master Edition - Nintendo Switch,5.0,0.908,Here We Come Zelda!,"Hopefully I get to enjoy countless hours of Link and Princess Zelda on my new Nintendo Switch! Most of the time it's surviving daily life, but when it's time to game, it's time to game! What better to play than the new Zelda game.",True
B087NNPYP3,The Legend of Zelda: Breath of the Wild Master Edition - Nintendo Switch,5.0,0.44,Five Stars,Good quality and price point.  Would buy again.,True
B087NNPYP3,The Legend of Zelda: Breath of the Wild Master Edition - Nintendo Switch,5.0,0.771,It's zelda,Great game! Been a zelda fan for years. Can't wait for #2,True
B087NNPYP3,The Legend of Zelda: Breath of the Wild Master Edition - Nintendo Switch,2.0,0.273,Open world is to big and time consuming,I just found it boring. Love open world games but this felt to open. Way too much time wasted finding weapons as they break constantly. It started off fun and has good graphics and music but got got monotonous quickly. I ditched it after about 30 hours.,True
B087NNPYP3,The Legend of Zelda: Breath of the Wild Master Edition - Nintendo Switch,5.0,0.748,Great Zelda Game,Does not disappoint as the next in the Zelda series.,True
B087NNPYP3,The Legend of Zelda: Breath of the Wild Master Edition - Nintendo Switch,5.0,0.813,Perfect,Excellent game,True
B087NNPYP3,The Legend of Zelda: Breath of the Wild Master Edition - Nintendo Switch,3.0,0.923,Should be free but what can you do,DLC pack 1<br />Trial of the sword is fun.<br />Master Mode is worthless (it just makes it take extra long to kill the same easy enemies).<br />All the extra clothes can't be upgraded and are worthless.<br /><br />DLC pack 2<br />One hit obliterator is pretty fun but explosive barrels in the enemy camps make it so you have to waste a lot of arrows that most people don't have. (There are also several game-breaking glitches associated with this part).<br />All the extra shrines are fun but still require little to no thought.<br />The bosses you face are the same four as in the divine beasts.<br />The extra story added adds no depth at all.<br />The new divine beast is by far the best and was actual somewhat difficult at first.<br />The boss for this divine beast is by far the dumbest in the game.<br />The new rune is fun but annoying because it requires you to refill it way too much.<br />The new gear is even more worthless than dlc pack 1...... somehow<br /><br />Both packs should be free but what can you do,True
B087NNPYP3,The Legend of Zelda: Breath of the Wild Master Edition - Nintendo Switch,5.0,0.995,I think you are now ready.,"Since the Special Edition was for preorder only, I see no true purpose in using this space to gush over the items received beyond the game. (They are indeed awesome, if anyone needs that stated for the record. But not awesome enough to feed the Scalpoblins.)<br /><br />Breath of the Wild is a beautiful game with a rich story - a pairing Zelda fans know and love. It is not without flaws, and I say this as a fangirl, but those flaws have not stopped me from enjoying it immensely. The Switch has no built-in tracking for the amount of time devoted to a game, without the use of parental controls, but I can safely estimate I have spent more than 100 hours in this iteration of Hyrule - and there's plenty left for me to explore. That's one thing I got for free with this purchase I wasn't aware I'd receive - two beautiful purple bags, right under my eyes.",True
B087NNPYP3,The Legend of Zelda: Breath of the Wild Master Edition - Nintendo Switch,5.0,0.886,Addicted,"Zelda games have always been my pitfall. Mixing a story with puzzles is the perfect solution to keep me interested, a little too interested. Always telling myself ""just one more"" before signing out.. It's never just one more..",True
B087NNPYP3,The Legend of Zelda: Breath of the Wild Master Edition - Nintendo Switch,5.0,0.66,Get this game,"This game is one of my top ten favorite games of all time. Everything from the story, game physics, music and characters will be you away. I do have to say that the weapon durability can feel a little tedious at times. You'll often have to find new weapons to get. I also did find that the game got too easy once you make a lot of progress. Although overall, it's a must have game. It takes open world to the next level with the game physics.",True
B087NNPYP3,The Legend of Zelda: Breath of the Wild Master Edition - Nintendo Switch,5.0,0.907,So much fun,Really fun game. Maybe the best ever.,True
B087NNPYP3,The Legend of Zelda: Breath of the Wild Master Edition - Nintendo Switch,5.0,0.599,Five Stars,My kids loved the game.,True
B07YBWT3PK,Fallout 4 - Xbox One,5.0,0.625,great price,nib one of my faves from bethesda,True
B07YBWT3PK,Fallout 4 - Xbox One,5.0,0.672,Not disappointed at all,This game does not disappoint. I pre-ordered it from Amazon and received it the day with was released.,True
B07YBWT3PK,Fallout 4 - Xbox One,5.0,0.98,I love this game,"I love this game! The DLC downloads took some time but once they were done, I got to love every bit of this game unlike before. The game alone is awesome, but the DLCs are added awesome. I highly recommend this pack!",True
B07YBWT3PK,Fallout 4 - Xbox One,5.0,0.885,Five Stars,"Possibly the best dlc for the game, so far atleast. Well worth the money good story an content",True
B07YBWT3PK,Fallout 4 - Xbox One,5.0,0.99,Great piece to have in your Fallout collection!,"What can I say about this that hasn't already been said. It is freaking awesome and if you are a Fallout fan as much as I am then this is seriously right up your alley. I can't tell you how much I love having my own pipboy because ever since playing Fallout: New Vegas I have wanted one and then going back and playing Fallout 3 made me want one even more, but there is no way in hell I could ever make one myself. I am not that talented by any means. The best thing about this is that you can actually use this. You put any smart phone inside this, turn the pipboy app on and boom you can see everything you have on your game, right there in the app on your pipboy. It's pretty awesome! I do have to admit that while I am completely happy to have one, I do with it was more weathered and such where it looked like it had actually been through some s*** and would have even liked some on the case it came with. But over all it's an amazing piece and I am going to treasure it.",True
B07YBWT3PK,Fallout 4 - Xbox One,5.0,0.954,My kids love it,My kids absolutely love this game! It comes with a code to get fallout 3 for free!! What a great deal! My kids have not quit playing this!,True
B07YBWT3PK,Fallout 4 - Xbox One,5.0,0.703,Five Stars,This game is AMAZING!,True
B07YBWT3PK,Fallout 4 - Xbox One,4.0,0.545,My favorite Fallout game so far.,"I was hoping that this was going to hold me over until ES6...probably not, but it'll take probably a full year of playing to be totally bored with it.  The settlement responsibilities are pretty much unavoidable and really ruin a lot of the experience for me.  At least this game on PS4 is a lot better performing than Fallout NV was on PS3.",True
B07YBWT3PK,Fallout 4 - Xbox One,5.0,0.169,Smart marketing by Bethesda,"Even if you don't care about the quests in the various DLCs, you get access to a bunch of new weapons, settlement bits, etc.  Never would have bought all the DLCs separately, so smart marketing by Bethesda.",True
B07YBWT3PK,Fallout 4 - Xbox One,5.0,0.586,Five Stars,amazing game,True
B07YBWT3PK,Fallout 4 - Xbox One,5.0,0.944,Great single player game,"Great game. Awesome single player, long lasting gameplay. Highly recommend",True
B07YBWT3PK,Fallout 4 - Xbox One,5.0,0.893,Fallout 4 Xbox One,my grandson spent the entire day sitting next to me playing this game and explaining what he was doing. He is a fan of Bethesda games and had been playing the pc version but wanted to try the xbox version. He said this is better because he can't cheat like he could playing on the computer. I guess you can get a god code that unlocks things.,True
B07YBWT3PK,Fallout 4 - Xbox One,5.0,0.572,Five Stars,Son loves this game,True
B07YBWT3PK,Fallout 4 - Xbox One,3.0,0.948,Amazon was cool though and picked up the price difference,"My first pip boy broke within a day, a knob fell inside of it when I touched it. I get that it's a collectible and not a toy, but really? And exchanging it was nigh impossible since it was a limited run item that after the initial release was being sold for a lot of money. Amazon was cool though and picked up the price difference. I just expected it to be more durable!<br /><br />As for the game, it's pretty good. It feels a little more linear than New Vegas at times but I still enjoy it.",True
B07YBWT3PK,Fallout 4 - Xbox One,5.0,0.975,Wonderful!!,"Fallout 4 is an outstanding followup to Fallout 3 and Fallout - New Vegas.  The main story's plot is intriguing enough to keep you interested in completing the game, and the sandbox-iness will keep you playing for hours and hours, long after you complete the game.  Many people criticized the graphics.  While they might not be as sharp as many of the latest games, the depth of game play more than makes up for any visual shortcomings.  Much like the previous games, the music is decent (though the radio announcer should go.)<br /><br />I've been playing around a lot with building and maintaining my settlements.  This is definitely a time sink, but offers plenty to do, and has been keeping me entertained for months.<br /><br />Pre-release system requirements had me worried...  I have an AMD FX 4350, 8GB 1866 RAM and a 2GB Nvidia GTX 960 FTW card.  Everything indicated that I'd be running at medium to medium-high graphical settings.  It auto-detected at ultra upon installation, and runs like a dream.",True
B07YBWT3PK,Fallout 4 - Xbox One,5.0,0.943,Very nice game. Lots of play style options.,"Yep. I'm going to be playing this one for a while. The addition of the Sims-like colonization mini-game is really interesting. The developers really thought this one out. The story line pulls you in, too. Lastly, the character creation is amazing. Startled my husband with the accuracy of my character!",True
B07YBWT3PK,Fallout 4 - Xbox One,3.0,0.319,I wanted to love it,"I wanted to love it but I didn't.  I only played a few days and just fizzled out on it.  This, to me was not the RPG that Fallout 3 was.  It is much more a FPS, and I do not care for twitchy FPS games.  They need to devote more to this series as an RPG and label it correctly, or just close it out.",True
B07YBWT3PK,Fallout 4 - Xbox One,1.0,-0.37,Not functional without a huge 19GB download.,"The main reason to buy the disc rather than the download is, you don't have fast internet.  My nephew lives in an area with only cellular internet.  The disc has a few MB of data, and loads up the Steam installer to download 19GB of game.  The publisher acknowledged this, and said it was to combat piracy.  Perhaps, but it also combats actual usage.",False
B07YBWT3PK,Fallout 4 - Xbox One,5.0,0.511,I've owned this since it came out on PC. ...,I've owned this since it came out on PC.  Purchased this for my son for Christmas this year so I can have my Steam account back.  It's a wholly impressive game.,True
B07YBWT3PK,Fallout 4 - Xbox One,5.0,0.824,"Great game, great content in collection, STUPID TO NOT PUT IN ALL ON THE DISC",Low ratings are because Bethesda cheaped out and lazily included a pile of DLC codes in this bundle instead of putting it on a disc.<br /><br />Wish it was all on the disc...... but the content itself is still great.,True
B07YBWT3PK,Fallout 4 - Xbox One,5.0,0.717,Play this game.,"So much content, so much fun.",True
B07YBWT3PK,Fallout 4 - Xbox One,5.0,0.939,Great gift!,Great Christmas gift for my son!,True
B07YBWT3PK,Fallout 4 - Xbox One,5.0,0.84,My son loves this game!,My son really wanted this game. We got it for him and he loves it!,True
B07YBWT3PK,Fallout 4 - Xbox One,5.0,0.962,which he loved. Action was excellent according to him,"A gift for my grandson, which he loved.  Action was excellent according to him, and the game was challenging.",True
B07YBWT3PK,Fallout 4 - Xbox One,5.0,0.026,"Fun game for adults, not suitable for kids.","15yr old son loves it but mom is like omg with all the violence, language and drugs. Too late to return it. Should of read the info on it before letting him talk me into buying it.",True
B07YBWT3PK,Fallout 4 - Xbox One,5.0,0.607,Usually Amazon is good about it,"I gave as a gift at Xmas and he plays it every day I would say this was a HIT!!!! My only complaint is it came in a envelope (not padded enough) it should have been in a box!! The cover was a bit smashed up. Usually Amazon is good about it, however I believe it came from a second party luckily no damage but from cover messed up... a little disappointed since this was a gift for Xmas and this person keeps his games nice.....",True
B07YBWT3PK,Fallout 4 - Xbox One,4.0,0.971,Really not that bad...,"The game itself is really not that bad. Actually, it is quite addicting, especially building settlements and tinkering weapons and equipment (and getting my hoarding fix). The only reason why this is not getting a 5-star rating from me is because one, like others have complained, why are the DLCs just a code for a season pass and not on a disc (I really don't mind having two if the game was too big to be fitted into one disc); and two, why do I need to download an update if it is just for Creation Club?<br />Otherwise, the game mechanics have been a major upgrade from the last two: better graphics, better gameplay... oh and BETTER GAME MEMORY! Oooh, the frustration that I have incurred from all the glitches and FREEZING after playing for so long from the last two games! With over 200 hours in with a quarter of the map explored, I have not encountered any freezing so far. Glitches, sure, but they were minor.<br />As for the story, it's up for debate... but doesn't really hold a candle towards Obsidian's writing...<br />So, 2-stars for better graphics and for improved gameplay (so much better than the last two), 1 star for better memory, and another star just because I got this G.O.T.Y. at a reduced price.",True
B07YBWT3PK,Fallout 4 - Xbox One,5.0,0.726,Collector's Item I Craved!,I'm a hard-core Fallout addict and I loved having a limited edition like this!,True
B07YBWT3PK,Fallout 4 - Xbox One,5.0,0.0,I,The season pass met my expectations.,True
B07YBWT3PK,Fallout 4 - Xbox One,5.0,0.954,"Great DLC as of April 20, 2016",The DLC thus far: Automatron and Wasteland Workshop already are outstanding. They add lots of gameplay and are perfect for people who love the crafting mechanism in FO4. Can't wait for Far Harbor!,True
B07YBWT3PK,Fallout 4 - Xbox One,4.0,0.44,Good game issues with xbox one x,Good game. But has graphic issues with xbox one x.,True
B07YBWT3PK,Fallout 4 - Xbox One,5.0,0.847,A classic with all the extras!,"A classic with all the extras! I play this on my Xbox One x, on my 65 inch 4k Sony TV. Great not to be bugged about subscriptions, buying extras and co-op playing every 5 minutes!",True
B07YBWT3PK,Fallout 4 - Xbox One,5.0,0.922,Awesome game!,"Great game what can I say. Had to workout a few minor bugs, but once it was working it's a lot of fun to play!",True
B07YBWT3PK,Fallout 4 - Xbox One,5.0,0.361,Five Stars,grandson like this,True
B07YBWT3PK,Fallout 4 - Xbox One,3.0,0.494,Mehhhh.,"Yes, lacking in quests and story and has dumbed down mechanics.  At least it’s better than the upcoming atrocity that is FO76.",True
B07YBWT3PK,Fallout 4 - Xbox One,5.0,0.807,It's fun,"Still only halfway through, as I don't have time to play video games as I did in my youth, but it is fun.",True
B07YBWT3PK,Fallout 4 - Xbox One,5.0,0.84,"New , fast delivery, Amazing value",Nice package and fast shipping.... product same as what you buy in the store<br /><br />Can't wait for Christmas,True
B07YBWT3PK,Fallout 4 - Xbox One,5.0,0.968,Get this game!!,"I've spent the past two hours playing this amazing game.  There are plenty of places to explore, and the graphics are amazing.  I'm coming from an Xbox and just got a PS4 last night, so I'm blown away by the graphics.<br /><br />I still haven't got one of the inevitable Bethesda bugs in 2 hours, but I know they'll come.  That's the tradeoff with<br />playing a Bethesda game.<br /><br />Combat looks a bit week, but this isn't really a combat game.  Shorter intro than Fallout 3, with I'm grateful for.  I've been waiting for a game to replace my beloved Skyrim, and I think I've found it.  I can't wait to get off work today to play some more.",False
B07YBWT3PK,Fallout 4 - Xbox One,5.0,0.683,Addicting and SO fun!,I'm going to be 40 years old by the time I put this game down....,True
B07YBWT3PK,Fallout 4 - Xbox One,5.0,0.901,Massive.,"I've spent over 48 hours exploring the wasteland and don't feel like I'm reaching the end any time soon. The Commonwealth is vast, and the sidequests range from simple tasks to strong stories on their own. It took me a bit longer to get immersed in this game than it did Fallout 3, but the result is worth it. This game is massive , enjoyable, and a good place to invest your gaming dollars.",True
B07YBWT3PK,Fallout 4 - Xbox One,3.0,0.848,Great game but really its just Skyrim with guns..,Great game but really its just Skyrim with guns..,True
B07YBWT3PK,Fallout 4 - Xbox One,5.0,0.984,"that lets you play however you like, look to Bethesda's catalog","10/10, was promptly killed by deathclaw, would play again (but this time, definitely with the power armor).<br /><br />Bethesda did it again. They continue to prove that allowing their smaller group of developers free creative reign results in a more enjoyable game. Yes there are bugs. It is a Bethesda game, they make a point of not polishing the bugs out - because the more you polish out bugs, the more your force the players onto 'rails' through the story and the more creativity you strip from the game. If you want an enjoyable game, that lets you play however you like, look to Bethesda's catalog. But don't expect it to be bug-free, and don't expect it to be a small game. If you want a polished, &#34;bug-free&#34; game, look to EA or Activision, that is as close as you will get. But don't expect it to be all that replayable, because you probably saw everything your first time through.<br /><br />Yes, you will need to download A LOT of content to get the game to run; welcome to reality. Regardless of version - PC, PS4, XBO - you're going to have to download ~20Gb of game files. Resolutions and map sizes keep increasing, so games keep getting larger. At this point, they are too large to fit on a single DVD, you would probably need a Blu-ray disc to fit it all on a single piece of write-protected media (but those never really caught on for anything other than movie watching). Regardless of where you buy it, you'll need Steam to run it - Steam manages the game's DRM. Don't worry though, the DRM is extremely unobtrusive, I've never once noticed it while playing a legal copy.",False
B07YBWT3PK,Fallout 4 - Xbox One,5.0,0.0,Five Stars,Five star!,True
B07YBWT3PK,Fallout 4 - Xbox One,5.0,0.801,Five Stars,Son loved this game !! Not one that he played once and then put on a shelf !,True
B07YBWT3PK,Fallout 4 - Xbox One,3.0,-0.751,Overall disappointing. It seems that Bethesda wants this game ...,"Overall disappointing. It seems that Bethesda wants this game series to become a first-person shooter. That's not what Fallout was. Once you look past the graphic &#34;glitter&#34;, there isn't much there except shoot-run-dodge and wait for the DLC and GECK.",True
B07YBWT3PK,Fallout 4 - Xbox One,5.0,0.659,Five Stars,Awesome pins! Don't know how I sewed without them.,False
B07YBWT3PK,Fallout 4 - Xbox One,5.0,0.67,Five Stars,Love this game!,True
B07YBWT3PK,Fallout 4 - Xbox One,5.0,0.876,LOVE,awesome game,True
B07YBWT3PK,Fallout 4 - Xbox One,5.0,0.709,Pip-Boy edition. It's totally worth it.,"Pre-ordered the Pip-Boy edition in July. I'm overjoyed with it, and while I rarely splash out the extra dollars for the collectors edition, I'm glad I did this time. Yes, it's a little cheap feeling, and not all the buttons actually do anything, but it's very much worth it. I had considered reselling it, but there's no way that is going to happen.",False
B07YBWT3PK,Fallout 4 - Xbox One,5.0,0.586,Amazing,Five stars. Need I say more?,True
B01N3ASPNV,amFilm Tempered Glass Screen Protector for Nintendo Switch 2017 (2-Pack),5.0,0.904,For the price should be first purchase,"Half price of the local game stores. And you get 2 in box. Super clear, nice thickness and easy to install. Purchased for both my switches and both have brand new screens still.",True
B01N3ASPNV,amFilm Tempered Glass Screen Protector for Nintendo Switch 2017 (2-Pack),5.0,0.947,Really Great Product!!,"I just recently purchased this fine item, the &#34;amFilm Tempered Glass Screen Protector for Nintendo Switch 2017 (2-Pack)&#34; and I must say that I am very pleased with it!<br /><br />Let me start off by saying that I am not really good at installing this type of item, in fact I have never done anything like this before.<br /><br />So I was glad that this screen protector package includes two tempered glass screens within each set.. I presume that this is just in case you are not totally happy with your first attempt at installing this product.<br /><br />That is sort of what happened to me.  I installed the first tempered glass screen protector fairly easily.. except for the fact that I ended up with one small piece of dust that became trapped beneath the screen protector during installation.<br /><br />I must stress that this error was due solely to my own actions, and not because of any flaws in the product.  It was due to my inexperience.<br /><br />I ultimately ended up removing by screen protector completely, which of course rendered the first tempered glass screen protector useless. And I started over fresh, using second tempered glass screen protector contained in the set.<br /><br />My second attempt at installing this item was successful.. and I am very pleased with the end result!<br /><br />I was able to find a video on YouTube detailing how to install a tempered glass screen protector on the Nintendo Switch.. using what was called the &#34;Hinge Method&#34;.  (The &#34;Hinge Method&#34; basically involves using some tape to secure the screen protector securely to the Nintendo Switch during installation.. and I recommend using this method.)<br /><br />This screen protector seems to be a really Wonderful and well made product!  I am most pleased!",True
B01N3ASPNV,amFilm Tempered Glass Screen Protector for Nintendo Switch 2017 (2-Pack),5.0,0.935,It works!,"The shipping was much faster than stated. The kit comes with cleaning wipes and a small cloth to make sure the screen underneath is perfectly clean and dry before application, which worked just fine. It has a card for getting bubbles out, but it's a little flimsy and I wound up using an old credit card instead to much better effect. I botched the first application, but was able to lift the cover up, smooth out the bubbles, and lay it back down without the adhesive losing much integrity, but if you totally ruin the first one, there is another one included if you need it.<br /><br />So far, the glass has held up well both docked and undocked for hours and hours of gameplay and I haven't seen any warping or other signs of wear.",True
B01N3ASPNV,amFilm Tempered Glass Screen Protector for Nintendo Switch 2017 (2-Pack),5.0,0.796,Must have for any Nintendo Switch owners,Absolute must have if you do not want to damage or scratch the screen on your Switch.  Easy to install and performs as described.  Highly recommend.,True
B01N3ASPNV,amFilm Tempered Glass Screen Protector for Nintendo Switch 2017 (2-Pack),5.0,0.986,"A great protector, or how I learned to banish dust particles from my Switch","Intro<br /><br />As we all know, the Switch comes with a plastic screen.  Whether it was to save money, or to make a more durable product, a plastic screen is obviously very easy to scratch up.  This was especially true as putting the Switch inside the dock could easily cause the screen to rub against the side of the dock.  Thus, I went ahead and bought this screen protector.  It was one of the best reviewed ones at the time, and also one of the best deals, and I am very happy with the purchase.<br /><br />Durability<br /><br />I haven't had any issues with durability.  I haven't dropped my Switch, but I've taken it on many trips and have yet to see any scratches.<br /><br />Fit<br /><br />The fit is very good on the protector.  It fits over the entire glossy black area on the switch, including the bezels around the screen itself.<br /><br />Clarity<br /><br />I haven't had an issue with this.  Most of the time I don't even notice the screen being there.<br /><br />Application Process<br /><br />I read through some reviews and many people were having trouble with installation.  Since it's such a large screen it's a lot easier to get dust under the protector - one of my pet peeves.  My process was to remove any towels and carpets from my bathroom and to steam it up and to do some minor cleaning.  Then I sat down with the switch on a table in the bathroom and cleaned the switch and protector carefully with rubbing alcohol to remove dirt and discharge static.<br /> I practiced some dry runs, and then used some canned air to blow dust off the switch and then quickly checked for dust, removed the backing on the protector, and applied it immediately.  This resulted in no dust on the first try, which was great.<br /><br />I have seen that the Switch itself could also be bent a little (it seems like a common problem), so if yours is bent you might have some trouble applying it.  In that case it might be better to get a plastic protector.<br /><br />Conclusion<br /><br />Overall, a great product and highly recommended.  The fact that they include two is an even better bonus in case you break one or fail on an application attempt.",True
B01N3ASPNV,amFilm Tempered Glass Screen Protector for Nintendo Switch 2017 (2-Pack),5.0,0.79,Great Screen Protector,Fantastic Screen Saver. Really Easy to install. No issues or complaints whatsoever.,True
B01N3ASPNV,amFilm Tempered Glass Screen Protector for Nintendo Switch 2017 (2-Pack),5.0,0.972,Tempered for Protection,Bought this for my Son's new Switch.  Perfect fit.  Thick glass to protect his screen.  Works great and fit great!  Thanks!,True
B01N3ASPNV,amFilm Tempered Glass Screen Protector for Nintendo Switch 2017 (2-Pack),5.0,0.995,"Easy application, smooth-feeling product, excellent value for the price","I ordered the two-pack not realizing my husband had bought me a Nintendo Switch as well, so we definitely got good usage out of the two-fer.  They were very easy to apply; I'd forgotten to use the cleaning towelettes provided for the first application but in the end I never needed it.  No bubbles, easy application, piece of cake.  The package contains a microfiber cloth and a stiff cardboard credit-card-sized smoothing card as well as two packs of wet-and-dry cloths; there is also a strip of hinge-stickers but it indicates right on the front to not use this on the Switch, so I did not use them.  If the seller is reading this, a couple suggestions: 1) It would be great to include some Switch-compatible tape strips in future versions of this product, because in my experience applying screen protectors, that is an invaluable step for a bubble-free application. And 2) you may want to consider converting the smoothing card from cardboard to a plastic product as the latter would have worked a little better for smoothing, if needed; the cardboard card bent a bit under my attempts to de-bubble.  It all looks great now, so these are suggestions for future improvements on this package.  Finally, I had some issues registering my product for their lifetime warranty, and reached out to their customer support team, who responded speedily (thank you Stephanie!) and were very helpful for my issue.  Great product and I will add this vendor to my list of preferred suppliers for screen protectors in the future for my tech-heavy family.",True
B01N3ASPNV,amFilm Tempered Glass Screen Protector for Nintendo Switch 2017 (2-Pack),5.0,-0.468,Easy Install and No bubbles,"I got this to replace my existing screen protector with giant junk and bubbles. I followed the instructions and still managed to get a piece of dust ( As one does) under the screen, but Despite that there was no bubble in the screen protector at all, just a small dent where the dust lie.  Application is simple but the packaging does contradict the instructions in one scenario but otherwise it is straight forward.",True
B01N3ASPNV,amFilm Tempered Glass Screen Protector for Nintendo Switch 2017 (2-Pack),4.0,0.679,Protects my switch and was easy to apply with almost no bubbles,"Protects my switch and was easy to apply with almost no bubbles. However, one of the screens in the package came with a bit of debris already stuck to it.",True
B01N3ASPNV,amFilm Tempered Glass Screen Protector for Nintendo Switch 2017 (2-Pack),5.0,0.856,Great company,Fair prices and quality product. Glad that I choose this company,True
B01N3ASPNV,amFilm Tempered Glass Screen Protector for Nintendo Switch 2017 (2-Pack),5.0,0.974,Honestly seems perfect.,"I bought this to replace a cracked screen protector of a different brand, getting that out of the way now.<br /><br />  An on-going issue I have with putting screen protectors onto the devices themselves is that I always seem to mess something up. Even when following instructions. I know right? I'm a dolt. :)<br />  This, however, was no the case here. The glass came with really nifty tabs to hold onto, allowing me to easily and accurately place it on the glass. Removing remaining bubbles was easy as well with the provided tool, just remember not to press the screen down hard before removing bubbles. I'm sure you still could but it'd be a more annoying process, I speak from experience.<br />  As for the hardness, and with it scratch resistance and overall protection, only time will tell. I can say that it felt sturdy when applying it.<br />  It's also VERY clear, you can only tell you have one on if you look to the edges and see the difference in height. I don't notice any change in perception of color at all. Overall I definitely recommend it.<br /><br />Included are two screen protectors in thin foam sleeves, warranty registration paper, two packs of wet and dry cleaning wipes, microfiber cloth, little sticky doodles to remove dust just prior installation post cleaning if some happens to be visible, scrape-y card for removing bubbles, and an installation manual.<br /><br />Pros:<br />-Easy installation, even for installation challenged users<br />-Comes with two just in case you mess up or have a friend in need<br />-Very clear<br />-Warranty is easy to register<br /><br />Cons:<br />-Can't see any as of yet. :)",True
B01N3ASPNV,amFilm Tempered Glass Screen Protector for Nintendo Switch 2017 (2-Pack),5.0,0.872,Super easy,This was a breeze to install. They sent me a link to a YouTube video as soon as I ordered and that really helped me know what I needed to do. I ended up ditching the cardboard &#34;spatula thingie&#34; that they sent to help smooth out any bubbles and just used a credit card. I ended up with no bubbles the first try.,True
B01N3ASPNV,amFilm Tempered Glass Screen Protector for Nintendo Switch 2017 (2-Pack),5.0,0.872,Fits well & feels good to the touch.,Great screen protector - doesn't feel weird and keeps the screen looking brand new!,True
B01N3ASPNV,amFilm Tempered Glass Screen Protector for Nintendo Switch 2017 (2-Pack),2.0,-0.024,Bubble in corner.,I followed the instructions and was left with a bubble in the right hand corner of the screen.  Can't get rid of it.  Not great.,True
B01N3ASPNV,amFilm Tempered Glass Screen Protector for Nintendo Switch 2017 (2-Pack),5.0,-0.103,... placed this on my Nintendo Switch and it looks amazing. I accidentally let one fleck of dust fall ...,"I just placed this on my Nintendo Switch and it looks amazing. I accidentally let one fleck of dust fall onto the screen during application so I have to just deal with that, but it's placement was on the rim instead of the screen so I am content with it. Apply this screen protector in a steamy room with no dust-collecting items (rugs, clothes, towels).",True
B01N3ASPNV,amFilm Tempered Glass Screen Protector for Nintendo Switch 2017 (2-Pack),4.0,0.91,"Easy to install, so far so good","We have hardwood floors so I’m always worried about things, but so far the switch has survived the few mishaps and I’m very pleased.",True
B01N3ASPNV,amFilm Tempered Glass Screen Protector for Nintendo Switch 2017 (2-Pack),5.0,0.69,Recommended!,"This screen protector fit perfectly on my Animal Crossing version Switch. I just used the soft cleaning cloth they provided and stuck the screen on. There were no bubbles and it took about two minutes to do, which mostly consisted of me trying to make sure that the screen had no dust on it.",True
B01N3ASPNV,amFilm Tempered Glass Screen Protector for Nintendo Switch 2017 (2-Pack),5.0,0.917,This Is The Best Screenprotecter I Have Ever Used,"I have had this screenprotector for about 7 months now, and I have not one scuff or scratch on my system! And the price that I paid? Totally worth it and I would honestly have paid more for it. This screenprotector is much better than the ones that Nintendo sells for these systems. 5 stars over and over again!",True
B01N3ASPNV,amFilm Tempered Glass Screen Protector for Nintendo Switch 2017 (2-Pack),5.0,0.54,Five Stars,It's good for the price :3<br />Recommend !!,True
B01N3ASPNV,amFilm Tempered Glass Screen Protector for Nintendo Switch 2017 (2-Pack),5.0,-0.41,As advertised,"I also did the steamy bathroom installation and had no problems. Had one small bubble but was able to rub it out using their bubble elimination tool (just a piece of heavy cardboard). Visually, very unobtrusive. And there were TWO protectors in the package!",True
B01N3ASPNV,amFilm Tempered Glass Screen Protector for Nintendo Switch 2017 (2-Pack),5.0,0.44,Five Stars,Went on easy and can't even tell there is a screen protector on it.,True
B01N3ASPNV,amFilm Tempered Glass Screen Protector for Nintendo Switch 2017 (2-Pack),5.0,0.831,Easy to apply!,Easy to aplly and came with dry and wet wipes to clean the screen.,True
B01N3ASPNV,amFilm Tempered Glass Screen Protector for Nintendo Switch 2017 (2-Pack),3.0,0.663,Only buy if you are expecting pretty short use!,"It is a nice screen protector except the fact that the screen protector easily broke and it even with both of them, they only lasted about 6 months! The first one broke when it fell out of the dock from less than a foot! The other one just broke randomly and the only thing I did before it broke was put it down on a bed. They work, just beware they will break easily. My switch is not broken even though there are cracks on the screen protector. Additionally, it is easily removable.",True
B01N3ASPNV,amFilm Tempered Glass Screen Protector for Nintendo Switch 2017 (2-Pack),5.0,0.936,I Love This Screen Protector,"I think I still managed to get dust underneath the protective cover, but they do not cause any air bubbles and I won't notice any dust trapped underneath unless I purposefully look for it underneath a bright light. Naturally, I'm pleased when these sorts of screen protector kits come with more than one screen protector -- if you screw up the first application, you have something to fall back on, and if the first application went well, then you have a spare for when you'll eventually need to replace screen protector from regular wear and daily use. Application was extremely easy, and I found that I didn't particularly need to use the card since no air bubbles formed. This is an excellent brand and I would much rather have this as my go-to rather than Nintendo's official Hori screen protectors, which I find aren't as high quality.",True
B01N3ASPNV,amFilm Tempered Glass Screen Protector for Nintendo Switch 2017 (2-Pack),5.0,0.772,Yes all the way around. It’s better to crack a screen protector than to crack the screen.,"Yes. Just yes, get it. It’s a question of intelligence and practicality really. Why spend so much on the console if you’re not going to go the extra mile to take minor precautions. I ordered these before I even bought the game because I wasn’t gonna take the chance. I wouldn’t even take the game out of the box until my fiancé put this in it. I saw all the iPhone X incidents unfold. Not I says the guy who was smart and bought a screen protector. I make stupid decisions in life, but buying expensive devises and then NOT protecting said devices is not one of them.",True
B01N3ASPNV,amFilm Tempered Glass Screen Protector for Nintendo Switch 2017 (2-Pack),5.0,0.89,2 great screen protectors for a low price!!,"I always purchase tempered glass to protect my cell phone, so I knew that's what I wanted for the switch as well! They give you everything you'll need in this kit: 2 screen protectors, microfiber cloth to wipe it, sticker to remove excess dust, a wet wipe, dry wipe, and a card like piece to squeeze out air bubbles. With careful application it looks perfect! Now I no longer have to worry about scratching the screen every time I dock it!",True
B01N3ASPNV,amFilm Tempered Glass Screen Protector for Nintendo Switch 2017 (2-Pack),5.0,0.949,Super easy to apply,Very easy to apply.  Much easier than any screen protector I've applied before.  Looks great.,True
B01N3ASPNV,amFilm Tempered Glass Screen Protector for Nintendo Switch 2017 (2-Pack),5.0,0.742,Order,"Amazing!  My friend is jealous that i got mine on with no dust/air bubbles.  This is a great product.  Follow the detailed instructions to avoid dust/bubbles. If you don't get one, you will scratch your Switch screen.  Get this protector!",True
B01N3ASPNV,amFilm Tempered Glass Screen Protector for Nintendo Switch 2017 (2-Pack),4.0,0.975,"Beautiful and durable, but one had a flaw in the glass.","Easy, gorgeous (I'm 100% sold on tempered glass protectors now), and super scratch resistant (absolutely nothing, months later).  I love it.<br /><br />4 stars because there's a flaw in the glass on one of the sheets, right in the middle.  It's a bit of an eyebrow-raiser because this should be trivial to detect in the factory... but the other one was flawless and excellent.",True
B01N3ASPNV,amFilm Tempered Glass Screen Protector for Nintendo Switch 2017 (2-Pack),4.0,0.967,"Great quality, fits perfect","I bought this because I didn't realize that newer shipments of the Switch already came with a screen protector on it.  This one is actually shaped EXACTLY like the stock one, so you can rest assured that this will fit your Switch perfectly.  Bought a second one as a backup because of how well the first one worked.",True
B01N3ASPNV,amFilm Tempered Glass Screen Protector for Nintendo Switch 2017 (2-Pack),5.0,0.955,Super Experience,"They have such amazing customer service. This is the first time I've attempted putting on a screen protector, and I failed miserably. I ended up contacting the company and they shipped out another screen set (2 protectors). The shipping was extremely fast. This time, I ran the bathroom shower to get steam going and I used the hinge method. It worked perfectly this time. I'm so glad I chose to buy from amFilm. They've definitely got my vote. And the screen protector looks great. I can't even tell it's on there!",True
B01N3ASPNV,amFilm Tempered Glass Screen Protector for Nintendo Switch 2017 (2-Pack),4.0,0.414,I have cats.,The installation was difficult and the tiniest piece of corner wouldn't stay but it serves it's purpose so I'm ok with it!,True
B01N3ASPNV,amFilm Tempered Glass Screen Protector for Nintendo Switch 2017 (2-Pack),4.0,0.836,Be patient taking air bubbles oit,Easy to set up and good quality. Very satisfied with my purshase.,True
B01N3ASPNV,amFilm Tempered Glass Screen Protector for Nintendo Switch 2017 (2-Pack),5.0,0.958,"Perfect fit, easy install, feels great",This screen protector is perfect! It installs easily and fits the screen perfectly. I was never good at putting screen protectors on but this went on easily with no bubbles underneath. My fingers slide across the screen with ease which is always a concern for me when using protectors. You won't be disappointed with this!,True
B01N3ASPNV,amFilm Tempered Glass Screen Protector for Nintendo Switch 2017 (2-Pack),5.0,0.813,Pretty good.,Works as it should. Make sure you follow the directions.,True
B01N3ASPNV,amFilm Tempered Glass Screen Protector for Nintendo Switch 2017 (2-Pack),5.0,0.852,Solid protection to keep your switch looking new,"Got this for my Nintendo Switch.  Has everything you need to install and was easy to put on.  The quality is nice and durable, keeps the screen new.  Exactly what it is meant to do. :)",True
B01N3ASPNV,amFilm Tempered Glass Screen Protector for Nintendo Switch 2017 (2-Pack),5.0,0.809,Recommend,Works GREAT for our Nintendo switch. Helps<br />Protects the screen from any scratches.,True
B01N3ASPNV,amFilm Tempered Glass Screen Protector for Nintendo Switch 2017 (2-Pack),5.0,-0.25,Great-quite easy,"I’ve put a lot of these on in the past. This is probably the quickest with zero problems and no residual lint underneath to peel back the shield, remove and attempt again",True
B01N3ASPNV,amFilm Tempered Glass Screen Protector for Nintendo Switch 2017 (2-Pack),5.0,0.791,Did it in two minutes,Looks great. Can’t really tell that there is a screen protector. Both protectors where good.,True
B01N3ASPNV,amFilm Tempered Glass Screen Protector for Nintendo Switch 2017 (2-Pack),5.0,0.929,Save the Switch!,Bought the screen protector for my super gamer son to protect the screen on the Switch I am giving him for Christmas. I'm sure it will do the job.,True
B01N3ASPNV,amFilm Tempered Glass Screen Protector for Nintendo Switch 2017 (2-Pack),5.0,0.795,Very easy to install,"I was impressed by how easy it was to install it and by the quality of the results.  No bubbles or dust trapped between the screen and the protector, and it aligned very nicely.",True
B01N3ASPNV,amFilm Tempered Glass Screen Protector for Nintendo Switch 2017 (2-Pack),5.0,0.872,Easy to put on when you use the steam in ...,"Easy to put on when you use the steam in bathroom method (turn on shower, wait for steam, apply)  Seems to be great so far.",True
B01N3ASPNV,amFilm Tempered Glass Screen Protector for Nintendo Switch 2017 (2-Pack),5.0,0.983,Perfect! Great quality at a great price,Perfect!  Great quality at a great price!  Better than expected!,True
B01N3ASPNV,amFilm Tempered Glass Screen Protector for Nintendo Switch 2017 (2-Pack),5.0,0.052,Great,No problems,True
B01N3ASPNV,amFilm Tempered Glass Screen Protector for Nintendo Switch 2017 (2-Pack),5.0,0.931,Great Price for Two Protectors....,Excellent screen protector for the Switch.  Very easy to apply (one attempt). No interference with touch screen. Looks great.,True
B01N3ASPNV,amFilm Tempered Glass Screen Protector for Nintendo Switch 2017 (2-Pack),5.0,-0.832,No Problems,No Problems,True
B01N3ASPNV,amFilm Tempered Glass Screen Protector for Nintendo Switch 2017 (2-Pack),5.0,0.915,Must have for switch,"After doing a lot of research, seems like a screen protector was the way to go on the switch. This was super easy to put on.  I just followed the video. No bubbles. No dust.  Screen looks beautiful. Well worth it.",True
B01N3ASPNV,amFilm Tempered Glass Screen Protector for Nintendo Switch 2017 (2-Pack),3.0,0.688,Not Crazy About It...,"I've already had to place the 2nd protector on because of the dust that was drawn to the screen when I pulled the backing off.... I'm unable to get the bubbles out of the 2nd one, which doesn't affect the picture while playing, but it still bothers me. I will order the IQ shield next time. It worked fantastic on my phone.",True
B01N3ASPNV,amFilm Tempered Glass Screen Protector for Nintendo Switch 2017 (2-Pack),3.0,-0.202,Broke easily,Broke very quickly and easily,True
B0086VPUHI,Grand Theft Auto V: Premium Edition - Xbox One [Digital Code],4.0,0.7,Meh?,"To be known, this is my first GTA game. So it was a little disappointing given that it was hyped to be such a grand deal... that said, i have nothing to base it on so maybe it is a ton better than the other GTA versions.<br /><br />I just found it a little boring after a while, with not enough mission options. I wouldve liked more racing options, as it said id get after winning one (a race in 1st place) but it proceeded to not show any racing markers on the map from then on foreward. All in all it was an okay game, but i do not really understand the hype.",True
B0086VPUHI,Grand Theft Auto V: Premium Edition - Xbox One [Digital Code],3.0,0.0,Three Stars,"Still think its overrated, but just isnt my style game",True
B0086VPUHI,Grand Theft Auto V: Premium Edition - Xbox One [Digital Code],5.0,0.794,hours of fun,"there is so much to do,and has a storyline,its hard to stop playing,theres just a few things I don't like,like getting trouble for destrying your own property.but overall great",True
B0086VPUHI,Grand Theft Auto V: Premium Edition - Xbox One [Digital Code],5.0,-0.599,Five Stars,It working no problems.,True
B0086VPUHI,Grand Theft Auto V: Premium Edition - Xbox One [Digital Code],5.0,0.7,Good game. wanted it for ps4,have it for ps3 and pc. Good game. wanted it for ps4,True
B0086VPUHI,Grand Theft Auto V: Premium Edition - Xbox One [Digital Code],3.0,0.0,Three Stars,way too graphic,True
B0086VPUHI,Grand Theft Auto V: Premium Edition - Xbox One [Digital Code],5.0,0.0,Five Stars,i mean there isnt much to say its GTA!!!!,True
B0086VPUHI,Grand Theft Auto V: Premium Edition - Xbox One [Digital Code],5.0,0.848,great,you guys rock . great prices,False
B0086VPUHI,Grand Theft Auto V: Premium Edition - Xbox One [Digital Code],5.0,-0.488,Still popular!!!!,Arrived quickly. It was a gift that went over big. No problems with product.,True
B0086VPUHI,Grand Theft Auto V: Premium Edition - Xbox One [Digital Code],4.0,0.44,good,as advertised,True
B0086VPUHI,Grand Theft Auto V: Premium Edition - Xbox One [Digital Code],5.0,0.707,Good quality! Quick delivery,Low price!  Good quality!  Quick delivery!,True
B0086VPUHI,Grand Theft Auto V: Premium Edition - Xbox One [Digital Code],5.0,0.572,Five Stars,My son loves it,True
B0086VPUHI,Grand Theft Auto V: Premium Edition - Xbox One [Digital Code],5.0,0.421,Five Stars,I'm satisfied with this purchase.,True
B0086VPUHI,Grand Theft Auto V: Premium Edition - Xbox One [Digital Code],5.0,0.942,Excellent,"Deserves the IGN Game of the year 10 star platinum award it received. Excellent, excellent game!",True
B0086VPUHI,Grand Theft Auto V: Premium Edition - Xbox One [Digital Code],4.0,0.166,Lots of Fun,This game is alot of fun. It had its issues at the beginning with GTA Online but that is all fixed now. I just get bored of the open sandbox concept after a while.,True
B0086VPUHI,Grand Theft Auto V: Premium Edition - Xbox One [Digital Code],5.0,0.816,A great addition to the Grand Theft Auto Series.,Purchased this game for my nephew and he hasn't stopped playing it for weeks!,True
B0086VPUHI,Grand Theft Auto V: Premium Edition - Xbox One [Digital Code],5.0,0.509,Game given to my son for Christmas,My son was speechless when he opened this game on Christmas. The price was right! The graphics are breathtaking. Not appropiate for young gamers due to profanity.,True
B0086VPUHI,Grand Theft Auto V: Premium Edition - Xbox One [Digital Code],5.0,0.0,Language,Ordered for someone else.,True
B0086VPUHI,Grand Theft Auto V: Premium Edition - Xbox One [Digital Code],4.0,0.927,Grand Theft Auto,Awesome graphics in this game.. So much to do.. It is such a great game--can play for hours and hours.,True
B0086VPUHI,Grand Theft Auto V: Premium Edition - Xbox One [Digital Code],5.0,0.958,Pretty darn good,"The graphics are so much better. Choices in play are more varied, and better selections. It is a great game.",True
B0086VPUHI,Grand Theft Auto V: Premium Edition - Xbox One [Digital Code],5.0,0.288,Very nice game! Rockstar never fails.,"Even though the CD is used. Came in excellent playable condition. This game is super fun but extremely violent. If buying for kid, I would say that's more for teen and up.",True
B0086VPUHI,Grand Theft Auto V: Premium Edition - Xbox One [Digital Code],5.0,0.972,"Fun, Smooth, Just Adventurous.","I love this game, I haven't been a fan of the GTA's in the past, never bought them and played them through.<br /><br />This is my first GTA Ive put time into playing and actually following the story. It's really good, the fact I can play as 3 different characters is fun right now, it divides the personal lifestyles of each characters, they all clash into the story mode which is great.<br /><br />The game can get dull with the missions at times, but then there is always the other characters to play as, so it helps spices things up a lot more. I love this game overall. The driving, the shooting, everything. It has gone smooth so far.",True
B0086VPUHI,Grand Theft Auto V: Premium Edition - Xbox One [Digital Code],5.0,0.992,Love this game but NOT APPROPRIATE FOR KIDS,I am not a gamer at all so I can not be as specific as others have been in regards to story game play and other nuances but I love this game. I start playing and next thing you know it is 4-5 hours later. I am not too familiar with the franchise as I have only played the original GTA so I am not too familiar with all the game play. But I bought into the hype and I do not regret it. That being said I have found it pretty easy to pick up and play. I would strongly recommend you do not buy for kids.,True
B0086VPUHI,Grand Theft Auto V: Premium Edition - Xbox One [Digital Code],5.0,0.637,Five Stars,boys love this one,True
B0086VPUHI,Grand Theft Auto V: Premium Edition - Xbox One [Digital Code],3.0,-0.836,Great graphics...but lacking,"Not as good as earlier GTA titles. Torture task in the game is disturbing. They went a little overboard with the vomiting and other disgusting stuff. And the N word gets old after the 10,000th time.",True
B0086VPUHI,Grand Theft Auto V: Premium Edition - Xbox One [Digital Code],5.0,0.0,*****,On time and as described.,True
B0086VPUHI,Grand Theft Auto V: Premium Edition - Xbox One [Digital Code],5.0,0.995,Best GTA so far,"I don't purchase games too often and am not a hardcore gamer, but I've always been a fan of the GTA series. GTA V is hands down the best yet. You play as three separate characters, the missions and side missions are fun and challenging. There's a big map, the,story is interesting, some humor thrown in. The graphics are fantastic and music is great, I've only played in story mode so I can't comment to online play.<br /><br />This is the best GTA so far and one of my favorite video games overall (if not my favorite). I've probably played it from beginning to end about 3 or 4 times so far.",True
B0086VPUHI,Grand Theft Auto V: Premium Edition - Xbox One [Digital Code],5.0,0.178,Five Stars,"was a gift, he said it works, no issues",True
B0086VPUHI,Grand Theft Auto V: Premium Edition - Xbox One [Digital Code],5.0,0.759,Teens LOVE it,"What can I say, the Kids LOVE it, it's a very realistic game (a bit too realistic for me!) but it is afterall, just a game!",True
B0086VPUHI,Grand Theft Auto V: Premium Edition - Xbox One [Digital Code],5.0,0.25,A good game,When my son found out I brought that game. It was over as I notice. How many times you can play a game to get tired of. His case Never. I'm waiting for Amazon prices to drop on that game so I can buy me another one $40 ps3.,True
B0086VPUHI,Grand Theft Auto V: Premium Edition - Xbox One [Digital Code],3.0,-0.052,A Good Game,"I was a bit disappointed with this game as it didn't seem to have the fast-paced, can't put it down grab that the previous versions did.  Maybe I'm just getting old...",True
B0086VPUHI,Grand Theft Auto V: Premium Edition - Xbox One [Digital Code],5.0,-0.843,"A lot of bad language, violence and drugs","I bought this for my 16 year old. It is what it is - NOT FOR YOUNG KIDS! A lot of bad language, violence and drugs. Parents of young kids - please- don't buy this! Otherwise, great seller, fast shipping and will buy from them again! Thanks!",True
B0086VPUHI,Grand Theft Auto V: Premium Edition - Xbox One [Digital Code],5.0,0.0,Five Stars,Awesome!!!!!!!,True
B0086VPUHI,Grand Theft Auto V: Premium Edition - Xbox One [Digital Code],5.0,0.89,Can't complain,My husband loves this game. Always plays it and wants to purchase the rest of the games from GRAND THEFT.,True
B0086VPUHI,Grand Theft Auto V: Premium Edition - Xbox One [Digital Code],5.0,0.848,Great Game,great price and got here early,True
B0086VPUHI,Grand Theft Auto V: Premium Edition - Xbox One [Digital Code],5.0,0.625,Five Stars,Great Product,True
B0086VPUHI,Grand Theft Auto V: Premium Edition - Xbox One [Digital Code],3.0,-0.9,Good...but not as great as I expected.,"Bought this game over a year after it came out.<br />Expected more, got less than expected.<br />I don't really play it anymore in spite of the bonuses and content thrown at the online players...<br /><br />Maybe it's the lack of in-depth content...maybe it's the in-game griefers...maybe it's the lack of in-game communication...<br />I dunno...something about this game just didn't sit well with me and I'm not led to play it much anymore.",True
B0086VPUHI,Grand Theft Auto V: Premium Edition - Xbox One [Digital Code],5.0,0.019,Five Stars,My nephew hasn't stopped playing it,True
B0086VPUHI,Grand Theft Auto V: Premium Edition - Xbox One [Digital Code],5.0,0.967,We love to play this game as a family,awesome game for my 9 yr old son to play to get him ready for the real world.  You can't shelter your children from the real world.  My son loves to pick up prostitutes and then hit huge jumps and crash his cars with them inside.  Just like real life!,True
B0086VPUHI,Grand Theft Auto V: Premium Edition - Xbox One [Digital Code],5.0,0.982,Worth the money even if just upgrading from last gen!,"Absolutely love this game. I owned the last gen version, and to me, the upgrades are absolutely worth it. I went back to play my last gen version and it shocked me how different it really felt playing it now that I had the better graphics and new features of the new generation.<br /><br />This is the first GTA game I’ve played and it makes me sorry I haven’t been playing the others all along! Definitely recommend this game even to people on the edge or unfamiliar with the series. It’s worth it; and the replay value is great IMHO.",False
B0086VPUHI,Grand Theft Auto V: Premium Edition - Xbox One [Digital Code],5.0,0.95,As good as it gets!,This game is so much better than the other GTA versions that I’ve played. Missions are way more fun and there is just so much to do in between characters. It’s awesome!,True
B0086VPUHI,Grand Theft Auto V: Premium Edition - Xbox One [Digital Code],5.0,0.957,Good game,Good game. Very fun. Bought it for my hubby for Christmas.  Good stocking stuffer. We enjoy playing. Would recommend to anyone.,True
B0086VPUHI,Grand Theft Auto V: Premium Edition - Xbox One [Digital Code],4.0,0.916,but said that some of the previous versions of GTA were better for their time,"The person I gave this to really likes it, but said that some of the previous versions of GTA were better for their time.",True
B0086VPUHI,Grand Theft Auto V: Premium Edition - Xbox One [Digital Code],5.0,0.912,Great game!,"I bought this game after finishing GTA 4. Each game in this series gets better, graphics are better, story is better, more things you can do, etc. Only downside to this, and GTA 4, is that my wife will not let me play this game until the kids are sleeping. 5 stars given due to not being Rockstars fault I have kids. HaHaHa, just kidding. Don't let my wife read this review, I hate sleeping on my couch.",True
B0086VPUHI,Grand Theft Auto V: Premium Edition - Xbox One [Digital Code],5.0,0.84,hi,its nice nedw and im like it its so grate looking and im happy with it som much  thats whats imcan say,True
B0086VPUHI,Grand Theft Auto V: Premium Edition - Xbox One [Digital Code],5.0,0.572,Five Stars,nephew  loves it,True
B0086VPUHI,Grand Theft Auto V: Premium Edition - Xbox One [Digital Code],5.0,0.972,Great game,I am not going to go crazy on a review here but it is a great game! The best GTA so far!!! There is so much to do in this game and the graphics are awesome!,True
B0086VPUHI,Grand Theft Auto V: Premium Edition - Xbox One [Digital Code],5.0,0.919,My son was so surprised.,"My son was so surprised that I bought him this game.  He did very well on his report card, so this was a treat for him.  He loves it.",True
B0086VPUHI,Grand Theft Auto V: Premium Edition - Xbox One [Digital Code],5.0,0.943,love this game,I love gta and this one was awesome with its 3 character switching. working on trying to beat this one 100% like I did with gta4.,True
B0086VPUHI,Grand Theft Auto V: Premium Edition - Xbox One [Digital Code],5.0,0.637,Everyone needs this game.,Best. Game. Ever.,True
B077GG9D5D,DualShock 4 Wireless Controller for PlayStation 4 - Jet Black,5.0,0.637,Mom has the gold one,I love my new controller 😍,True
B077GG9D5D,DualShock 4 Wireless Controller for PlayStation 4 - Jet Black,5.0,-0.626,My husband controller was on the Fritz not surprising considering ...,My husband controller was on the Fritz not surprising considering it was about 6 years old so he went trail and on through and decided he had to have this gold one what can I say at work as expected they really cook lower the price of things that have to do with consuls I mean $60 a game is just a bit much,False
B077GG9D5D,DualShock 4 Wireless Controller for PlayStation 4 - Jet Black,5.0,0.93,Great gift,Bought this as a gift and she loved it,True
B077GG9D5D,DualShock 4 Wireless Controller for PlayStation 4 - Jet Black,5.0,0.742,Good controller,I have found that these controllers are the best to get.  The cheaper ones do not function as well or last as long,True
B077GG9D5D,DualShock 4 Wireless Controller for PlayStation 4 - Jet Black,4.0,-0.294,Its the OEM model,I can't say anything really bad about this.  Its a solid controller and perfect as a replacement for an older controller that was having trouble recharging.,True
B077GG9D5D,DualShock 4 Wireless Controller for PlayStation 4 - Jet Black,2.0,-0.918,Thumbsticks are bad,"The packaging certainly looked like a genuine Sony product, but this controller is terrible. L3 and R3 get stuck 100% of the time after being pressed, and my character just keeps lurching to the left until I pull them back up. For comparison, I have been using my original DualShocks for the entire lifetime of the PS4, and only just now started having problems with one thumbstick on one, and the battery life on the other. I don't know what they did other than putting a stupid light under the touchpad, but they ruined both thumbsticks on this version out of the box. The battery life is good, I guess.",True
B077GG9D5D,DualShock 4 Wireless Controller for PlayStation 4 - Jet Black,1.0,-0.969,Goodbye good old controllers,"Broke after 1 month, very bad quality and I don't even play fighting games or any other mash your buttons to hell games... bad bad bad not worth the price, quality reduced to nothing.",True
B077GG9D5D,DualShock 4 Wireless Controller for PlayStation 4 - Jet Black,5.0,0.66,Excellent Product,The product arrived on time and was exactly as represented on Amazon,True
B077GG9D5D,DualShock 4 Wireless Controller for PlayStation 4 - Jet Black,1.0,-0.619,Broke after six months of use.,"I've had this for about seven months, and for the last month, the left stick has not worked properly. Left stick controls are lagging and jerky in most of the games I try to play. Two other controllers I have had for years are still working fine, but this one broke almost immediately. I won't be buying another one.",True
B077GG9D5D,DualShock 4 Wireless Controller for PlayStation 4 - Jet Black,5.0,0.832,Great buy,I got a real one. Excellent,True
B077GG9D5D,DualShock 4 Wireless Controller for PlayStation 4 - Jet Black,5.0,0.848,Great,Awesome controller,True
B077GG9D5D,DualShock 4 Wireless Controller for PlayStation 4 - Jet Black,5.0,-0.461,What voucher code?,"My controller came in a box that shows a bundle pack for fortnite which is something I didn't realize I had purchased. Cool, I guess, my fiance plays Fortnite so works in his favor. But....upon opening the box there is no voucher code to be seen anywhere. The only paper it comes with is the PS4 controller instruction manual. So...where is this code? Giving it a 5 star simply because I hadn't purchased the controller with this code in mind, but it's just a bit annoying to see it advertised for having it and then it being empty anyway.",True
B077GG9D5D,DualShock 4 Wireless Controller for PlayStation 4 - Jet Black,5.0,0.927,Awesome Controller,Great Controller it feels like its built better than the old ones.,True
B077GG9D5D,DualShock 4 Wireless Controller for PlayStation 4 - Jet Black,5.0,0.952,Great controller,Great controller exactly what we expected. The camouflage is great and my son loves it.,True
B077GG9D5D,DualShock 4 Wireless Controller for PlayStation 4 - Jet Black,5.0,0.836,Best pricing,Wonderful 100%,True
B077GG9D5D,DualShock 4 Wireless Controller for PlayStation 4 - Jet Black,5.0,0.637,Sony always makes the best controllers,Always stick with Sony when it comes to Sony. There quality is unparalleled.,True
B077GG9D5D,DualShock 4 Wireless Controller for PlayStation 4 - Jet Black,5.0,0.637,Five Stars,best controller iv'e ever used.,True
B077GG9D5D,DualShock 4 Wireless Controller for PlayStation 4 - Jet Black,5.0,0.848,Great product,Great product,True
B077GG9D5D,DualShock 4 Wireless Controller for PlayStation 4 - Jet Black,5.0,0.813,He is happy with this one,Husband is a little rough on the controllers.  He is happy with this one.,True
B077GG9D5D,DualShock 4 Wireless Controller for PlayStation 4 - Jet Black,5.0,0.7,Good Purchase,A good purchase - fast arrival.,True
B077GG9D5D,DualShock 4 Wireless Controller for PlayStation 4 - Jet Black,5.0,0.881,Good value,"My kids say that it looks cool and it works great, I say that it’s held up to the abuses of teenage boys, so it has my approval.",True
B077GG9D5D,DualShock 4 Wireless Controller for PlayStation 4 - Jet Black,5.0,0.98,Get the best from the best!,"Great price, free fast shipping, controller arrived in perfect condition, works great. Highly recommended!",True
B077GG9D5D,DualShock 4 Wireless Controller for PlayStation 4 - Jet Black,4.0,0.93,It’s good,Hasn’t broken or shown much wear and tear but I’ve kept care of it so yea pretty good,True
B077GG9D5D,DualShock 4 Wireless Controller for PlayStation 4 - Jet Black,5.0,0.567,My fiancee is still using it!,It’s been about 4yrs since I bought this for my fiancee & he’s still using it! I highly recommend buying it!,True
B077GG9D5D,DualShock 4 Wireless Controller for PlayStation 4 - Jet Black,5.0,0.859,They make a great controller.,Say what you want about sony. They make a great controller.,True
B077GG9D5D,DualShock 4 Wireless Controller for PlayStation 4 - Jet Black,2.0,-0.832,Not happy,"Battery lasts less than my other controllers. L3 & R3 move on their own, which is annoying. Constantly have to have to restart levels because it moves me in the wrong direction. I have to reset and connect with wire to establish connection with my PS4 almost every time.",True
B077GG9D5D,DualShock 4 Wireless Controller for PlayStation 4 - Jet Black,5.0,0.7,Good,"Good, would buy again",True
B077GG9D5D,DualShock 4 Wireless Controller for PlayStation 4 - Jet Black,5.0,0.902,Best controller,"One of the best controls ever, I wish this cost only the half",True
B077GG9D5D,DualShock 4 Wireless Controller for PlayStation 4 - Jet Black,5.0,0.869,Highly recommend,Works prefect. Great price and good quality.,True
B077GG9D5D,DualShock 4 Wireless Controller for PlayStation 4 - Jet Black,5.0,0.7,Good for gaming,Good price,True
B077GG9D5D,DualShock 4 Wireless Controller for PlayStation 4 - Jet Black,1.0,-0.296,Doesn’t last,Had it 5 months and it no longer holds the charging cord.,True
B077GG9D5D,DualShock 4 Wireless Controller for PlayStation 4 - Jet Black,5.0,0.273,Is what it is,Works just as well as the older Dualshock 4 controllers.,True
B077GG9D5D,DualShock 4 Wireless Controller for PlayStation 4 - Jet Black,1.0,-0.635,Not good dont buy,Works with ps4 bit battery life not good and has nad sinking problems with ps4 pro. I will not buy ahain waste of money.,True
B077GG9D5D,DualShock 4 Wireless Controller for PlayStation 4 - Jet Black,5.0,0.698,Works great..nice lookin!,Bought for my nephew..he really loved the camo design!,True
B077GG9D5D,DualShock 4 Wireless Controller for PlayStation 4 - Jet Black,5.0,0.914,"Looks great, the joysticks seem looser than factory","It’s a controller, what can be said? It looks sweet, responsive, I wish the joysticks had more resistance.",True
B077GG9D5D,DualShock 4 Wireless Controller for PlayStation 4 - Jet Black,5.0,0.659,Just as described,Works great and arrived on time!,True
B077GG9D5D,DualShock 4 Wireless Controller for PlayStation 4 - Jet Black,4.0,0.0,Controller ONLY!,Literally just the controller. Does NOT include a charging cord!,True
B077GG9D5D,DualShock 4 Wireless Controller for PlayStation 4 - Jet Black,5.0,0.421,Five Stars,My son likes it.,True
B077GG9D5D,DualShock 4 Wireless Controller for PlayStation 4 - Jet Black,5.0,0.7,Price and quality better than stores,Exactly what grandson wanted. Easy hookup,True
B077GG9D5D,DualShock 4 Wireless Controller for PlayStation 4 - Jet Black,5.0,0.813,Husband loves,My husband loves the camo,True
B077GG9D5D,DualShock 4 Wireless Controller for PlayStation 4 - Jet Black,3.0,0.213,Price not good,Good controller but could be cheaper. You can find this way cheaper at Walmart and the like.,True
B077GG9D5D,DualShock 4 Wireless Controller for PlayStation 4 - Jet Black,1.0,0.156,"Cheap made, possible fake","Havent used the controller much but the gold color is running off. It works good still, but it's very irritating. I have heard about fake controller being made for ps4. This one could be one. Its definitely not as good as the stock controller included with the system.",True
B077GG9D5D,DualShock 4 Wireless Controller for PlayStation 4 - Jet Black,5.0,0.848,Great,Son wore out the first one. Second one is great.,True
B077GG9D5D,DualShock 4 Wireless Controller for PlayStation 4 - Jet Black,1.0,-0.784,Broke after 6 months,"This broke nearly exactly 6 months after purchasing it. It wasnt tossed around it was gently used, yet still broke. Ive had other controllers last ages, this is ridiculous.",True
B077GG9D5D,DualShock 4 Wireless Controller for PlayStation 4 - Jet Black,5.0,-0.296,PS4 controller,Only drawback is they no longer come with charging cords so if you don't have one you can't sync with PS4,True
B077GG9D5D,DualShock 4 Wireless Controller for PlayStation 4 - Jet Black,5.0,0.91,Great controllors at a bargain basement price,Got 4 of these day after Thanksgiving for 29 bucks. I should have bought 20 more to resell at a 5-8 dollar profit. Excellent quality. 2 of them get used every single day. We have a total of Three Ps4 consoles in our house.,True
B077GG9D5D,DualShock 4 Wireless Controller for PlayStation 4 - Jet Black,5.0,0.572,Five Stars,Bought this for my 14 yr old and he loves it.,True
B077GG9D5D,DualShock 4 Wireless Controller for PlayStation 4 - Jet Black,5.0,0.625,N,Great product,True
B077GG9D5D,DualShock 4 Wireless Controller for PlayStation 4 - Jet Black,3.0,-0.471,"Short battery time, can't turn off the lights,no PC compatibility ( even on steam no Xinput)","I can recommend this gamepad only for PlayStation 4 usage.<br /><br />It does not have full compatibility for PC, and its battery time is very short because it is not possible to turn off the lights of the effects.<br /><br />the grip is not the best because the edge of the gamepad is a little short for bigger hands.",True
B077GG9D5D,DualShock 4 Wireless Controller for PlayStation 4 - Jet Black,1.0,-0.802,Fake,This turned out to be a fake. Parts fading different shades if gray. Stuck directional knob.,True
B072V478NR,Amazon Basics Carrying Case for Nintendo Switch - Black,5.0,0.708,Perfect for this,Won’t loose the games  put it in box to safe !!,True
B072V478NR,Amazon Basics Carrying Case for Nintendo Switch - Black,5.0,0.869,Great storage for game cards,"This nifty case solves the problem of what to do with all the teeny game cartridges for the Nintendo Switch. The price can't be beat, it's decent for how many games can be stored. I like how compact and portable it is, and it seems to be well made too.",False
B072V478NR,Amazon Basics Carrying Case for Nintendo Switch - Black,5.0,0.893,Great product,"Only had this for a week but so far its absolutely fantastic.  No movement of the console at all, light weight, durable, secure.  Highly recommended if you own a Switch!",True
B072V478NR,Amazon Basics Carrying Case for Nintendo Switch - Black,5.0,0.962,Great purchase and great value 👍,Amazon brand comes thru again! Great case that keeps my Switch safe and holds all the games and tools I need.,True
B072V478NR,Amazon Basics Carrying Case for Nintendo Switch - Black,5.0,0.764,A Good Basic Case,"This case does a good job of stopping scuffs and also carries a few accessories.  Overall, it works well!",False
B072V478NR,Amazon Basics Carrying Case for Nintendo Switch - Black,4.0,0.885,"Spacious, can't beat the price!","Best travel case ever! I often travel from 3 houses and it's been very difficult to keep track of all the items. This case helps me to keep the dock, pro controller, switch game case, wireless earbuds, charger, and even have extra space for a second pair of joy-cons if needed!<br /><br />Will definitely recommend to those who travel a lot! I also keep a smaller case for just the switch and a few games for day trip.",True
B072V478NR,Amazon Basics Carrying Case for Nintendo Switch - Black,4.0,0.562,Very sturdy and well made to hold Switch safely,"I have been considering buying the boy a Nintendo Switch for either Christmas or his birthday in February. I have been looking at a number of cases - soft-sided, padded and hard molded. Out of all of them, the hard molded is more durable. It will also hold several games. This is a traveling case and not a permanent stay in one. So if you are going on vacation, you can safely store the Switch but you will need something else for peripherals and charging paraphernalia.",False
B072V478NR,Amazon Basics Carrying Case for Nintendo Switch - Black,4.0,0.93,protection for Switch,"I like this case. It comes with a screen protector, a screen cleaning cloth and grips for the controllers. There is also plenty of room for 10 game cartridges, your Nintendo Switch console, earbuds and charging cords. This is great for everyday carrying around in the house and car. AmazonBasics also makes a larger, more well-protected case for more rough and tough adventurers. The handle is rubber, the zipper zips and unzips well and overall, this is a pretty nice case.",False
B072V478NR,Amazon Basics Carrying Case for Nintendo Switch - Black,4.0,0.778,Got a Switch?,"This carrying case is ready to go - you just supply the console and the cartridges. It is large enough for the Switch, memory cards  and more. Inside are also divided areas for your gear to keep everything safe and organized. The inside has mesh to keep air circulating and make items more visible.The case is sturdy and has a big zipper with double pulls so you can open the case from either side.  Very well made.",False
B072V478NR,Amazon Basics Carrying Case for Nintendo Switch - Black,4.0,0.875,Sleek storage for Nintendo Switch games,"This case for the Nintendo Switch system is a nice little case. It is small enough to stash in a pocket or backpack and it holds 24 game cards and one spot that can hold a game or a memory card. This is a vast improvement over the DSi card holders. The case is slick, opaque and set up in such a way that you only have to flip from one page to the next. The front has a two snap closure, making it easier to keep secure when closed.",False
B072V478NR,Amazon Basics Carrying Case for Nintendo Switch - Black,4.0,0.754,nice snug custom-fit EVA case for the Nintendo Switch console,"This is a nice snug custom-fit EVA case for the Nintendo Switch console. Even includes an (attached) internal sleeve for your game cards. The EVA shell is thin and stiff; not as protective as a molded ABS hard shell, but better than a vinyl sleeve.",False
B072V478NR,Amazon Basics Carrying Case for Nintendo Switch - Black,4.0,0.908,"basic quality case works well, but expensive for what you get","This case is basic quality and kind of pricey for what you get. It does work OK. Lightweight shell with molded base and thin padding in the top keeps your game console and accessories protected and organized. The molded base is sewn into the case, so you cannot easily use the case for anything else. I would have given this case 5 stars if the price was $10 to $15, but I expect better quality for $30.",False
B072V478NR,Amazon Basics Carrying Case for Nintendo Switch - Black,5.0,0.0,Five Stars,Arrived as expected.,True
B072V478NR,Amazon Basics Carrying Case for Nintendo Switch - Black,5.0,0.807,this does the job just fine. I generally have always liked amazonbasics video game ...,"I see no reason to buy a fancy case for your switch, this does the job just fine. I generally have always liked amazonbasics video game cases. I bought one for my 3DS, and now one for my switch. This simply protects your game console and hold a few games. That's all I needed.",True
B072V478NR,Amazon Basics Carrying Case for Nintendo Switch - Black,4.0,0.799,3.5 stars,"The Amazon Basics Nintendo Switch case, above all, is a sturdy and large briefcase. People may think you've brought something dangerous on board your train, but behind its James Bond-esque appearance is a fairly simple storage space. This is a case conducive to the Switch owner who prefers their games digitally stored rather than physically purchased, as there's minimal space inside for games or cases. You get enough space for the Switch console with two attached Joy-Cons as well as a Grip with two more attached Joy-Cons, space for the dock and cords and that's about it.<br />The asking price as other reviewers mention feels a bit high for what you're getting, though not knowing how much it costs to put together - and given most things associated with the Switch are more expensive than I expect - I don't knock the cost too much.<br />I also concur with a reviewer who expressed surprise at its bulky size.<br />My only remaining concern is the stability of the actual Switch inside. It fits decently into its assigned slot, but based on the seeming fragility of the Switch device itself, I doubt I'd feel terribly comfortable carrying the case vertically as it's designed to be, since that would mean the Switch itself faces horizontally within the case, and though I'm sure it's designed properly to account for that, it still concerns me as a consumer considering the Faberge egg-like care with which I try to handle the system.",False
B072V478NR,Amazon Basics Carrying Case for Nintendo Switch - Black,5.0,0.44,sturdy,good sturdy bag,True
B072V478NR,Amazon Basics Carrying Case for Nintendo Switch - Black,3.0,-0.361,Too tight.,The console fits too tight and it's difficult to put it in and take it out.,True
B072V478NR,Amazon Basics Carrying Case for Nintendo Switch - Black,5.0,0.832,Great storage,Perfect space saver for my games m,True
B072V478NR,Amazon Basics Carrying Case for Nintendo Switch - Black,5.0,0.955,Great case for price,Bought this case about a year or two ago and it has been great. My boyfriend comments about how great it's been all the time. It's heavy duty. I don't worry about dropping it and breaking the case or the switch. Plus it holds some games not that I really have any physical copies of games. 10/10 would recommend!,True
B072V478NR,Amazon Basics Carrying Case for Nintendo Switch - Black,5.0,0.44,If you value your $300 console you will get some sort or protective gear for it.,"I like how affordable and sturdy this is. We’ve purchased several generic Nintendo stuff and so far haven’t been disappointed in any of it. You already spent all your money on the console and games, so you might as well just spend the couple extra bucks on protective gear.",True
B072V478NR,Amazon Basics Carrying Case for Nintendo Switch - Black,5.0,0.94,Nice case. Holds up to 10 games.,"This is a nice basic hardshell case. I like that it’s hard shell and not one of the soft cases. I like that the zippers have tabs on them. And to tab so you can open and close anywhere on the case. The carrying handle is a nice touch also. This case holds 10 games. Large enough for the system plus some accessories, but not huge. It’s water resistant and the outside is easy to clean. Overall a really nice case.",False
B072V478NR,Amazon Basics Carrying Case for Nintendo Switch - Black,4.0,0.778,Better than expected.  Kind of pricey for Made in China.,"This Amazon Basics Nintendo Switch storage case is pretty nice. At first, I was expecting it to be light weight and not able to withhold much pressure like some of the other Amazon Basics brand gaming console cases. However, this case is pretty sturdy. There is room for the dock and system to be stacked separately. It has two zippers around the edge and is fairly easy to open, but it can get stuck around turning the corners. There is a small zippered mesh pocket for games, but you will want to get a small game storage case to keep them from being knocked around. Currently kind of expensive for Made in China.",False
B072V478NR,Amazon Basics Carrying Case for Nintendo Switch - Black,2.0,-0.901,Not the best case.,"I do not think this is the best storage and travel case. There are a few average attributes, but some are below average. It does have room to hold your Nintendo Switch, docking station, controllers, and some accessories. However, the &#34;About the Product&#34; does not match the product. I do NOT see any game cartridge slots, I do NOT see any storage mesh. Very strange. It is also not all that sturdy. The manufacturer (in China) either did not follow the plan or Amazon Basics team made some mistakes along the way. With no slots for games, and such a weird design I cannot give this a high score.  Made in China.",False
B072V478NR,Amazon Basics Carrying Case for Nintendo Switch - Black,4.0,0.95,Good for this type of basic case,"The Amazon Basics vault case is a solid case for your switch. There is a soft padded case that is sold under the same brand name, but it will not protect your switch from any serious impact. The vault is solid and feels like it can handle a lot of pressure before cracking and potentially cracking your switch. There is some give in the middle of the vault, but I will not put my switch inside and apply a lot of pressure to see how it handles. There is a strip of foam on the top that will rest on the top of your switch. There is plastic behind the foam and when you press the spots where the joy con stick will rest, you can feel a plastic bar that runs above this hole. Not sure if this is the best vault in the world, but it would be better than nothing.  Made in China.",False
B072V478NR,Amazon Basics Carrying Case for Nintendo Switch - Black,2.0,-0.179,Not good enough,"This case is not as sturdy as I would have expected. It feels like it is made out of cereal box cardboard. I think the box that the actual case was shipped in is better equipped to protect your expensive Nintendo switch console and games investment. It is also a tad bit too thin. They should have made it thicker and stronger. The concept is there. It has a foldable piece in the middle that you can use to prop the console up while playing. The mesh pocket is almost pointless because if you put something in there that is too thick then it is going to press too hard on your console or controllers. The color is bright, the concept is good, but the execution is horrible.  Made in China.",False
B072V478NR,Amazon Basics Carrying Case for Nintendo Switch - Black,4.0,0.931,Wish it had designated space for game storage.,"Nice hardshell case that's perfect for carrying my Switch from place to place.  This one has room for the standard dock, and I think most 3rd party docks will also fit inside, although the insert is not designed for any alternative form factors - the foam is cut to match.  I wish that they had used the top of the case for game storage - the carts are small enough that you could feasibly store 10 or so if they had built the room - but instead they opted for a generic pouch.  When I store my spare carts in there they are bouncing around, so while it kind of works, it's less than ideal.  For system storage and movement, however, this earns top marks.",False
B072V478NR,Amazon Basics Carrying Case for Nintendo Switch - Black,5.0,0.913,Very nice Nintendo switch case,This is very durable with nice pockets to hold games for the switch. Great value.,True
B072V478NR,Amazon Basics Carrying Case for Nintendo Switch - Black,5.0,0.91,Hard as rock,"Great protection to my switch, also the switch fits  just perfect, and the size of the case is great for travel.",True
B072V478NR,Amazon Basics Carrying Case for Nintendo Switch - Black,2.0,-0.648,Elastic straps no longer included,"Wish I had paid more attention to the pictures than the reviews, user pictures and video review. I thought the case would have elastic straps to hold the switch securely, but mine came with no straps. The screen protector also didn't install well without any spray, which will be the first protector I've ever installed incorrectly out of probably 30-35 installs. The case is well made, which earns the 2nd star.",True
B072V478NR,Amazon Basics Carrying Case for Nintendo Switch - Black,4.0,0.902,Presses sightly on sticks! Otherwise excellent.,"After some time I've noticed that there are indentations on the stick areas, and I'm beginning to suspect that this may have caused one controller to have a faulty stick... So now I'm going to dig out some extra room.<br /><br />Otherwise I love this case, and I still happily recommend it. It actually prevents bumps from shearing off the latch on the controllers, which soft cases never do.",True
B072V478NR,Amazon Basics Carrying Case for Nintendo Switch - Black,4.0,0.734,"Decent, but somewhat difficult to remove switch from case","Pretty good quality overall.<br /><br />Would be nice if there were a tab to pull to remove the switch from the case. Normally you have to turn it over and drop it out, a risky process.",True
B072V478NR,Amazon Basics Carrying Case for Nintendo Switch - Black,4.0,-0.937,Not perfect but good,Not the best because the items don't fit great but still worth the money.,True
B072V478NR,Amazon Basics Carrying Case for Nintendo Switch - Black,4.0,0.841,Good if you're willing to compromise on some features...,"PLEASE READ BEFORE BUYING:<br /><br />I gave this 4 out of 5 stars because this case is small, inexpensive, and rigid.  To make it this size, though, a compromise was made that you should know about before you purchase it:  It's only big enough to contain the system with its joycons attached and some games.  It does *not* have room for the shoulder buttons for the joygons or any of the accompanying chargers etc.  You could probably squeeze the USB cable into it.<br /><br />This is perfect for me because I take my Switch to work with me sometimes to play at lunch.  However, when my wife and I went on a trip and brought the Switch along we still needed to put the joycon shoulder buttons and charger etc in a separate bag.  This isn't, at all, a deal-breaker, but if you're expecting a carry case that holds ALL of your Switch accessories (kinda like back in the ol' Game Boy days...) then you should consider continuing your search.",False
B072V478NR,Amazon Basics Carrying Case for Nintendo Switch - Black,5.0,0.805,Compact Storage,Great game storage and holds so many games. Easy to take with you.,True
B072V478NR,Amazon Basics Carrying Case for Nintendo Switch - Black,5.0,0.874,Great purchase,This case looks really nice. I like the carbon fiber look. Looks exactly as advertised.,True
B072V478NR,Amazon Basics Carrying Case for Nintendo Switch - Black,5.0,0.946,Great product and value,"Perfect for carrying a switch and all the parts, etc. Bought as a gift for my son's birthday and he's been very pleased with the quality and convenience of it.",True
B072V478NR,Amazon Basics Carrying Case for Nintendo Switch - Black,4.0,0.751,Great but there's a but,As far as protection goes I have yet to find a sturdier case. The only thing it lacks is good storage for games or accessories.,True
B072V478NR,Amazon Basics Carrying Case for Nintendo Switch - Black,5.0,0.877,Just as advertised!,Amazon couldn't be more accurate than what they say about this.<br /><br />This is awesome! A lot of room and excellent material.,True
B072V478NR,Amazon Basics Carrying Case for Nintendo Switch - Black,3.0,0.796,Smaller than expected,A lot smaller than expected but love it!,True
B072V478NR,Amazon Basics Carrying Case for Nintendo Switch - Black,5.0,0.898,Great case,"Inconspicuous and had cut outs for the switch, dock, and pro controller. Mine is currently holding all that plus the cables, a huge external battery, and my game case.<br /><br />Zipper is durable. Case is great. No switch branding. Perfect",True
B072V478NR,Amazon Basics Carrying Case for Nintendo Switch - Black,4.0,0.421,simple see thru case,it is a nice travel case.,True
B072V478NR,Amazon Basics Carrying Case for Nintendo Switch - Black,5.0,0.84,Five Stars,Like a tank - great value.,True
B072V478NR,Amazon Basics Carrying Case for Nintendo Switch - Black,3.0,0.938,"Needs more storage, but works.","It does the job, but keep in mind all you will be able to fit without forcing are the games and the console.  There is not any room for additional controllers or even really for the top slide buttons.<br /><br />If it had a littlw more storage I would gove it 5 stars, but as it is I dont think it is a great while system solution.",True
B072V478NR,Amazon Basics Carrying Case for Nintendo Switch - Black,4.0,0.599,Well made,Saved my sons switch a few times,True
B072V478NR,Amazon Basics Carrying Case for Nintendo Switch - Black,5.0,0.891,"It's getting used, yay!","The kids are using it. That was really all I wanted out of it, a place to put the games that the kids would actually use. Not finding the little postage stamps all over the house anymore, which is good for the lifespan of the games, I think. So what this means to me is that the kids find it useful also, and easy enough to use that it's worth the trouble of not just tossing the games on the nearest flat surface when they swap them out.",True
B072V478NR,Amazon Basics Carrying Case for Nintendo Switch - Black,5.0,0.681,Solid Case,"With a bit of Tetris skill, I can snuggly fit everything inside the case. The case is solid on the outside. Worth it",True
B072V478NR,Amazon Basics Carrying Case for Nintendo Switch - Black,5.0,0.738,Good buy,Holds everything for the switch. Not the smallest but very beneficial,True
B072V478NR,Amazon Basics Carrying Case for Nintendo Switch - Black,4.0,0.613,Greats case for low price.,"Really nice case for really cheap. Has a nice little game holder insider, so you don't have to carry all the plastic cases with you. Everything is nice; however, the elastic retainer straps are a lil tight/hard to get the Nintendo Switch put from them. (So much so, that I damaged my left controller retainer, so it sometimes slides right out of my Nintendo Switch).",True
B072V478NR,Amazon Basics Carrying Case for Nintendo Switch - Black,5.0,0.778,I wish I knew these existed!,I just found these and they're a lifesaver for my son's switch games.,True
B072V478NR,Amazon Basics Carrying Case for Nintendo Switch - Black,4.0,0.898,Tight Fit,"I got this as a case to carry my Switch around on the go. I wanted to put the charger in there for convenience as well, but it is so tight a fit that I am afraid that it might damage the console. It's not a bad case to have but, if you want things to fit in a not-so-tight manner, I suggest considering other options despite what the images show. I do love that the screen is protected by the game card holders though. It does block anything that may fall out of the upper portion from damaging the screen.",True
B000N5Z2L4,Xbox Live Gold: 1 Month Membership [Digital Code],5.0,0.812,Simple,I needed xbox gold membership ASAP and i went to my computer and got the code off amazon and it was fast and easy and i didnt even have to leave my house! made me happy customer,True
B000N5Z2L4,Xbox Live Gold: 1 Month Membership [Digital Code],5.0,0.903,"Easy, but know your original Microsoft sign in info!","This actually worked out pretty well. The only things is, you have to redeem it by signing into your Microsoft account online. The code would not work by inputting it into the ""redeem code"" section on the xbox.",True
B000N5Z2L4,Xbox Live Gold: 1 Month Membership [Digital Code],5.0,0.202,My code worked,Purchased and got my code instantly. Code worked fine.,True
B000N5Z2L4,Xbox Live Gold: 1 Month Membership [Digital Code],4.0,0.93,Easy,"For some reason I couldn't get the Live Gold through my Xbox, so I went here to get a digital code and it was super quick and easy and worked great.",True
B000N5Z2L4,Xbox Live Gold: 1 Month Membership [Digital Code],5.0,0.784,A good way to do business,activation code right after I pay activation I think it was better as a going to xbox. Thank you,True
B000N5Z2L4,Xbox Live Gold: 1 Month Membership [Digital Code],5.0,0.625,$20 cheaper than anywhere else ..i got it for #39,Great price $20 off of retail,True
B000N5Z2L4,Xbox Live Gold: 1 Month Membership [Digital Code],5.0,0.052,Quality fun time,Can’t go wrong here all kids wanna game.,True
B000N5Z2L4,Xbox Live Gold: 1 Month Membership [Digital Code],5.0,0.656,"Digital ""Download"" of Code is Great","The &#34;online game code&#34; facet of this Xbox Live subscription is fantastic, as you can start using Xbox Live immediately. I personally prefer purchasing here over directly through Xbox Live since it is very difficult to cancel a subscription to Xbox Live when you have your credit card tied to your account. Perhaps things have changed lately or will soon, but last time I was not using my Xbox Live account for several months, it was a complete pain to cancel the auto-renewal with my credit card that was in place, and I ended up having to call in to deal with it. With this, after 12 months, my subscription ends, and that is it - since, after all, Xbox Live does not have your credit card information if you buy here. Totally worth it.",True
B000N5Z2L4,Xbox Live Gold: 1 Month Membership [Digital Code],5.0,0.848,Great,Works great,True
B000N5Z2L4,Xbox Live Gold: 1 Month Membership [Digital Code],5.0,0.625,Five Stars,Great product. As expected,True
B000N5Z2L4,Xbox Live Gold: 1 Month Membership [Digital Code],5.0,0.7,Good Service,good service on this card,True
B000N5Z2L4,Xbox Live Gold: 1 Month Membership [Digital Code],4.0,0.0,Four Stars,As Expected.,True
B000N5Z2L4,Xbox Live Gold: 1 Month Membership [Digital Code],5.0,0.929,Great Product,It lets me play with my friends and that is great.,True
B000N5Z2L4,Xbox Live Gold: 1 Month Membership [Digital Code],5.0,0.361,Hard to find 12 month gold,Finally found a 12 month gold after MS quit selling them. $60 is a whole lot better than paying $9.99 a month ($120.00 bucks) for a year.,True
B000N5Z2L4,Xbox Live Gold: 1 Month Membership [Digital Code],5.0,0.735,Cheaper and immediate delivery,"Great price compared to xbox, gamestop. Etc. And immediate delivery of your code to your email. Highly recommended for anyone who owns an x box.",True
B000N5Z2L4,Xbox Live Gold: 1 Month Membership [Digital Code],5.0,-0.44,Buy this one & not another one,"Don’t buy the 1,3 or 6 months plan just buy the 12month you will have money and you don’t have to worry about it for a year",True
B000N5Z2L4,Xbox Live Gold: 1 Month Membership [Digital Code],5.0,0.625,Great deal,Big savings,True
B000N5Z2L4,Xbox Live Gold: 1 Month Membership [Digital Code],5.0,0.557,Gotta be gold,Always Better for me to buy my Xbox live gold on amazon.,True
B000N5Z2L4,Xbox Live Gold: 1 Month Membership [Digital Code],5.0,0.791,Great,Easy to use,True
B000N5Z2L4,Xbox Live Gold: 1 Month Membership [Digital Code],4.0,0.791,Quick and easy.,Worked as described.  Not the best price I found but definitely the easiest to purchase.,True
B000N5Z2L4,Xbox Live Gold: 1 Month Membership [Digital Code],5.0,0.948,Love,Great purchase.  It was a happy day when we got the points for my son to play online with his games.  Thanks!!!!!!,True
B000N5Z2L4,Xbox Live Gold: 1 Month Membership [Digital Code],5.0,0.916,Really Happy!,Very easy to apply and is a great price! Delivered to my email in seconds.,True
B000N5Z2L4,Xbox Live Gold: 1 Month Membership [Digital Code],5.0,0.959,A no-brainer! Super convenient and no wait time!,"I've purchased this twice and my husband has purchased once. It's so convenient. He has issues purchasing a renewal membership through Microsoft's website, so we now just come here and get the online game code through Amazon. You get the code immediately after purchasing - no waiting around! All three times, the code was redeemed perfectly through Microsoft's website and without issue.<br /><br />Words to describe my experience with this: Convenient. Easy. Immediate. Success. Gratification!",True
B000N5Z2L4,Xbox Live Gold: 1 Month Membership [Digital Code],5.0,0.904,Super convenient,Great and easy to use!,True
B000N5Z2L4,Xbox Live Gold: 1 Month Membership [Digital Code],5.0,0.97,Great Gift for XBOX fan,Bought this as a gift. The purchasing process was easy and it worked perfectly. Very pleased,True
B000N5Z2L4,Xbox Live Gold: 1 Month Membership [Digital Code],5.0,0.66,Good,Just like it says,True
B000N5Z2L4,Xbox Live Gold: 1 Month Membership [Digital Code],5.0,0.508,Very easy,This card was easy to use and I  had no problems. I was able to use it immediately and the code worked fine,True
B000N5Z2L4,Xbox Live Gold: 1 Month Membership [Digital Code],5.0,0.967,Great!,Worked perfectly and the 3 free months was a great bonus!,True
B000N5Z2L4,Xbox Live Gold: 1 Month Membership [Digital Code],5.0,0.827,It worked!,"Better than buying the cards, the code worked, and I got an email saying I have xbox live credit until February 2013. Way better than paying $10/month through xbox...",True
B000N5Z2L4,Xbox Live Gold: 1 Month Membership [Digital Code],5.0,0.918,"If you don't have a gold Xbox live membership, you're missing out!","I only buy the 12 month memberships for Xbox live, and I usually wait for special sales like this one on Amazon at $35 for the year! I've gotten so many free games from being a gold member over the last 6 months, it's awesome. Especially when Xmas time hits.",True
B000N5Z2L4,Xbox Live Gold: 1 Month Membership [Digital Code],5.0,0.0,Five Stars,As advertised,True
B000N5Z2L4,Xbox Live Gold: 1 Month Membership [Digital Code],5.0,0.908,Was easy to setup,Used online game code and setup online. Easy to do and the price was great saving about $20 over a card. Would recommend for anyone that has access to immediately enter it online.,True
B000N5Z2L4,Xbox Live Gold: 1 Month Membership [Digital Code],5.0,0.659,Five Stars,Great product!,True
B000N5Z2L4,Xbox Live Gold: 1 Month Membership [Digital Code],1.0,0.488,DONT WASTE YOUR MONEY,Code did not work!,True
B000N5Z2L4,Xbox Live Gold: 1 Month Membership [Digital Code],5.0,0.784,Best value!,I was able to get this during a sale and it is hands down the cheapest way to get a gold membership for our Xbox 360.,True
B000N5Z2L4,Xbox Live Gold: 1 Month Membership [Digital Code],5.0,0.44,A very handy item.,Code worked great. Had no issues at all.,True
B000N5Z2L4,Xbox Live Gold: 1 Month Membership [Digital Code],5.0,0.839,xbox 360  12month live online game code,"So glad I found this! Saved me time and money. Didn't have to wait for it to be shipped, just paid and received code within seconds on website. Going to use this again when code runs out, for sure!",False
B000N5Z2L4,Xbox Live Gold: 1 Month Membership [Digital Code],5.0,0.869,My grandson loves these,My grandson loves the cards so he can get different games easily,True
B000N5Z2L4,Xbox Live Gold: 1 Month Membership [Digital Code],5.0,0.0,It worked!,Got key. Put key in. Key worked.,True
B000N5Z2L4,Xbox Live Gold: 1 Month Membership [Digital Code],5.0,0.862,Not much else to say except if you like playing your xbox and having it be of any ...,"Cheapest I've found so far.  Not much else to say except if you like playing your xbox and having it be of any real use online, definitely get this!",True
B000N5Z2L4,Xbox Live Gold: 1 Month Membership [Digital Code],5.0,0.844,Oh happy Day! Great deal,I got an amazing deal on this card- so amazing I was skeptical it would work but it did!!!great deal!,True
B000N5Z2L4,Xbox Live Gold: 1 Month Membership [Digital Code],5.0,0.251,Exactly what it is supposed to be,It is exactly what you expect. You pay and get a code to put in for a three month membership.  It is authentic and you don't have to worry about getting a bootleg card.,True
B000N5Z2L4,Xbox Live Gold: 1 Month Membership [Digital Code],5.0,0.0,Five Stars,As advertised.,True
B000N5Z2L4,Xbox Live Gold: 1 Month Membership [Digital Code],5.0,0.818,Our daughter wanted it for Christmas,This is a great way to save money.  The other XBOX products offer a few months but this one is great because it offers a year for a lower price.,True
B000N5Z2L4,Xbox Live Gold: 1 Month Membership [Digital Code],5.0,0.817,Grandson Christmas gift,Grandson chose this gift and was very excited about receiving it.,True
B000N5Z2L4,Xbox Live Gold: 1 Month Membership [Digital Code],2.0,0.976,Convenience at an inconvenient cost.,"While I am pleased with the ease of these prepaid cards and codes, and I enjoy the services provided through an xbox live account,  I am not pleased with how convoluted the pricing is. In what world is it cheaper to mail me a card than it is to simply give me the code? There aren't ground fees, there is no postage required. So why, of all things, is the easiest option more expensive? At the time of purchase, $10 more expensive. The last time I checked? The cost of the online code was still a penny short of $60, and the card itself was somewhere around $52. So tell me, what is the reason for charging $8-$10 dollars more on average for the online code option? If someone could share that wisdom it would be appreciated. The only reason I purchased this was because it was a gift, and their subscription ended tonight. Work on your pricing, my dears, because it is a**backwards.",True
B000N5Z2L4,Xbox Live Gold: 1 Month Membership [Digital Code],1.0,0.153,Too expensive,XBox loves you (and your wallet). Xbox loves you (and your wallet). They know how to get you. I'll buy this again but I still think XBox has its priorities messed up...,True
B000N5Z2L4,Xbox Live Gold: 1 Month Membership [Digital Code],5.0,0.511,Instant and convenient,"No need to go out to the store, and a small discount on top of it, this was perfect for us.",True
B000N5Z2L4,Xbox Live Gold: 1 Month Membership [Digital Code],3.0,0.612,My son don’t like it,My son don’t like digital he can’t figure it out,True
B000N5Z2L4,Xbox Live Gold: 1 Month Membership [Digital Code],5.0,0.802,worked like a charm,"worked like a charm no issues, will do it again next year",True
B00HBUOVIO,"Ferrero Rocher, Premium Gourmet Milk Chocolate Hazelnut, Individually Wrapped Candy for Gifting, 7.9 oz, 18 Count",5.0,0.782,Good Chocolates,"Husband bought these for me for our 25th Anniversary. There are a lot of them. They were really good. Not as fresh as they could have been, but still good.",True
B00HBUOVIO,"Ferrero Rocher, Premium Gourmet Milk Chocolate Hazelnut, Individually Wrapped Candy for Gifting, 7.9 oz, 18 Count",3.0,-0.735,Shouldn't be packaged with heavy items,Came broken the whole container the center chocolates were broken,True
B00HBUOVIO,"Ferrero Rocher, Premium Gourmet Milk Chocolate Hazelnut, Individually Wrapped Candy for Gifting, 7.9 oz, 18 Count",5.0,0.66,Hazelnut Chocolates Ferrero Rocher Brand,Buy these for a friend every month as she loves them. Tried to send as a gift but the site wouldn't let me.,True
B00HBUOVIO,"Ferrero Rocher, Premium Gourmet Milk Chocolate Hazelnut, Individually Wrapped Candy for Gifting, 7.9 oz, 18 Count",5.0,0.858,Wonderful chocolate,Delicious of course. Was in the sun for a bit so some melted onto the foil. Most were fine.,True
B00HBUOVIO,"Ferrero Rocher, Premium Gourmet Milk Chocolate Hazelnut, Individually Wrapped Candy for Gifting, 7.9 oz, 18 Count",5.0,0.662,Can’t go wrong,These chocolates are so delicious you can’t go wrong. I’m sure they are giftable but honestly I inhaled them all 🤭 I’ll be repurchasing soon,True
B00HBUOVIO,"Ferrero Rocher, Premium Gourmet Milk Chocolate Hazelnut, Individually Wrapped Candy for Gifting, 7.9 oz, 18 Count",5.0,0.813,Everyone loves these,Wonderful little present...fast delivery.,False
B00HBUOVIO,"Ferrero Rocher, Premium Gourmet Milk Chocolate Hazelnut, Individually Wrapped Candy for Gifting, 7.9 oz, 18 Count",5.0,0.624,Does anyone not like these chocolates?,Nutty chewy crunchy goodness all in one chocolate. These are my addiction. Thank you Amazon for selling these and having them delivered right to my front door.,True
B00HBUOVIO,"Ferrero Rocher, Premium Gourmet Milk Chocolate Hazelnut, Individually Wrapped Candy for Gifting, 7.9 oz, 18 Count",5.0,0.751,Yummy,My husband's favorite candy.,False
B00HBUOVIO,"Ferrero Rocher, Premium Gourmet Milk Chocolate Hazelnut, Individually Wrapped Candy for Gifting, 7.9 oz, 18 Count",5.0,0.827,Delicious,Delicious chocolate!,True
B00HBUOVIO,"Ferrero Rocher, Premium Gourmet Milk Chocolate Hazelnut, Individually Wrapped Candy for Gifting, 7.9 oz, 18 Count",5.0,0.891,Five Stars,Wife loves these always a great buy and always at a reasonable price will buy again like usual!,True
B00HBUOVIO,"Ferrero Rocher, Premium Gourmet Milk Chocolate Hazelnut, Individually Wrapped Candy for Gifting, 7.9 oz, 18 Count",5.0,0.962,Nice gift,A bit expensive but recipient was happy. Nice gift. I recommend.,False
B00HBUOVIO,"Ferrero Rocher, Premium Gourmet Milk Chocolate Hazelnut, Individually Wrapped Candy for Gifting, 7.9 oz, 18 Count",5.0,0.878,Heavenly Delicious,"Bought two boxes and didn't realize I should of told no one and hid them. My family loves hem and when I went back to get some, they were half gone. Lesson learned, next time I purchase these I will tell no one. They are like liquid gold.",True
B00HBUOVIO,"Ferrero Rocher, Premium Gourmet Milk Chocolate Hazelnut, Individually Wrapped Candy for Gifting, 7.9 oz, 18 Count",4.0,0.542,Good quality chocolates,"I have favored this brand for years, a very good combination of chocolatey nuttiness. They didn’t seem to be super fresh but I didn’t have a problem with them. I  would buy again",True
B00HBUOVIO,"Ferrero Rocher, Premium Gourmet Milk Chocolate Hazelnut, Individually Wrapped Candy for Gifting, 7.9 oz, 18 Count",5.0,0.625,Five Stars,Great Product and price,True
B00HBUOVIO,"Ferrero Rocher, Premium Gourmet Milk Chocolate Hazelnut, Individually Wrapped Candy for Gifting, 7.9 oz, 18 Count",5.0,0.954,Nice Gift Chocolates,"This is a delicious set of fine quality chocolates. It comes in a nice, hard plastic box that isn't likely to be crushed during transport. The white ones have a coconut coating with a creamy, white chocolate filling. The gold ones are chocolate with a creamy chocolate filling, and the black ones are chocolate with a solid filling (not chewy). The coconut ones were my favorite. The hazelnut chocolate flavor is present in all three of the colors. These chocolates go great with coffee. Each of the chocolates are individually wrapped so you could put these out in a bowl for a social gathering or just leave them in the plastic packaging.",False
B00HBUOVIO,"Ferrero Rocher, Premium Gourmet Milk Chocolate Hazelnut, Individually Wrapped Candy for Gifting, 7.9 oz, 18 Count",5.0,0.918,Received all six!,"All six boxes of this delicious chocolate arrived quickly and in good shape. The expiration date is nearly four months out, which is more of time for me to finish this off. And the chocolate is delicious, as it always has been.",False
B00HBUOVIO,"Ferrero Rocher, Premium Gourmet Milk Chocolate Hazelnut, Individually Wrapped Candy for Gifting, 7.9 oz, 18 Count",5.0,0.868,yumm!,"Yummm, one of my favorite use to purchase these from costco for 9ish but they ran out, so paid the premium on amazon. But what can i say these are so good, that i am willing to pay premium for. Now you might be wondering how good they are? i just finished one row while sitting and writing this review so good that i hate them :(",True
B00HBUOVIO,"Ferrero Rocher, Premium Gourmet Milk Chocolate Hazelnut, Individually Wrapped Candy for Gifting, 7.9 oz, 18 Count",5.0,0.972,Delicious candy,"Amazing candies, have great flavor, irresistible taste, can’t have only one. Definitely recommend it to anyone who loves milk chocolate, hazelnut & Nutella",True
B00HBUOVIO,"Ferrero Rocher, Premium Gourmet Milk Chocolate Hazelnut, Individually Wrapped Candy for Gifting, 7.9 oz, 18 Count",5.0,0.888,Great,Purchased as a gift and it was very much praised.,True
B00HBUOVIO,"Ferrero Rocher, Premium Gourmet Milk Chocolate Hazelnut, Individually Wrapped Candy for Gifting, 7.9 oz, 18 Count",2.0,-0.845,DISAPPOINTED,"Buenos dias!!!<br />Para mi sorpresa el producto No estaba fresco, parecia que habia tomado mucho calor o cambios de temeratura y se degrado mucho su sabor y frescura, tenia mil  puntitos  que espero fueran crecimiento o sudado de grasa pues al final use el producto asi y por suerte no me mori, saludos",True
B00HBUOVIO,"Ferrero Rocher, Premium Gourmet Milk Chocolate Hazelnut, Individually Wrapped Candy for Gifting, 7.9 oz, 18 Count",5.0,0.949,Good gift,Yummy friend loved it !,True
B00HBUOVIO,"Ferrero Rocher, Premium Gourmet Milk Chocolate Hazelnut, Individually Wrapped Candy for Gifting, 7.9 oz, 18 Count",5.0,0.758,Couple approved.,Wife loves this... So do i.,True
B00HBUOVIO,"Ferrero Rocher, Premium Gourmet Milk Chocolate Hazelnut, Individually Wrapped Candy for Gifting, 7.9 oz, 18 Count",5.0,0.952,Good stuff,This was a birthday present for my friend and me she got one and I got one so far they were very good very fresh and I would have to say next birthday I will do it again hopefully the prices still reasonable very good stuff,True
B00HBUOVIO,"Ferrero Rocher, Premium Gourmet Milk Chocolate Hazelnut, Individually Wrapped Candy for Gifting, 7.9 oz, 18 Count",5.0,0.973,Fresh and Delicious!,"Great price for the amount, came beautifully packaged, and are fresh and delicious! Also delivered a day early! Would recommend!",True
B00HBUOVIO,"Ferrero Rocher, Premium Gourmet Milk Chocolate Hazelnut, Individually Wrapped Candy for Gifting, 7.9 oz, 18 Count",5.0,0.964,Beautiful candy gift.,BEAUTIFUL gift packaging. Great !!,True
B00HBUOVIO,"Ferrero Rocher, Premium Gourmet Milk Chocolate Hazelnut, Individually Wrapped Candy for Gifting, 7.9 oz, 18 Count",5.0,0.965,Absolutely delicious !!,"I love these chocolates since I can remember myself and so do my kids. It's amazing and delicious, and you can definitely taste the quality.",True
B00HBUOVIO,"Ferrero Rocher, Premium Gourmet Milk Chocolate Hazelnut, Individually Wrapped Candy for Gifting, 7.9 oz, 18 Count",5.0,0.81,Delicious. Happy with purchase but I’ve seen these on sale at local store for less,Delish. No issues. Have seen these for less at store though when they’re on sale. Still delicious that I don’t mind too much,True
B00HBUOVIO,"Ferrero Rocher, Premium Gourmet Milk Chocolate Hazelnut, Individually Wrapped Candy for Gifting, 7.9 oz, 18 Count",4.0,0.557,Carolyn O,My favorite candy I love it so much however the waffle on the inside was not as crunchy. I looked all over the package for a expiration date but could not find one.,True
B00HBUOVIO,"Ferrero Rocher, Premium Gourmet Milk Chocolate Hazelnut, Individually Wrapped Candy for Gifting, 7.9 oz, 18 Count",5.0,0.844,Everyone in the house loved them,These are the best,True
B00HBUOVIO,"Ferrero Rocher, Premium Gourmet Milk Chocolate Hazelnut, Individually Wrapped Candy for Gifting, 7.9 oz, 18 Count",5.0,0.942,Would repurchase,Given as part of gift. Reciever enjoyed chocolates. Said they were fresh and tasted great! :),True
B00HBUOVIO,"Ferrero Rocher, Premium Gourmet Milk Chocolate Hazelnut, Individually Wrapped Candy for Gifting, 7.9 oz, 18 Count",5.0,0.599,Everyone loves Chocolate,Sent this as a pick me up for someone feeling sick. It worked :),True
B00HBUOVIO,"Ferrero Rocher, Premium Gourmet Milk Chocolate Hazelnut, Individually Wrapped Candy for Gifting, 7.9 oz, 18 Count",5.0,0.836,Love these,Wife loves these,True
B00HBUOVIO,"Ferrero Rocher, Premium Gourmet Milk Chocolate Hazelnut, Individually Wrapped Candy for Gifting, 7.9 oz, 18 Count",5.0,0.982,"Beautifully presented, happily received","No picture - those suckers disappeared so fast that pictures were not even a thought honestly. I got them for my daughter, who had just told me that she was getting divorced in the saddest possible way, and these actually cheered her up immensely! She was so surprised, and they brought a big smile to her face. Then we both dived in along with a few of her friends and my husband, and these bad boys just disappeared.<br /><br />They are very tasty, beautifully presented and a perfect gift when you don’t know what to get. Who doesn’t  love getting a surprise box of chocolate, am I right? And if no one to gift them to, get a box for yourself!! Why should everyone else have all the delicious fun?",False
B00HBUOVIO,"Ferrero Rocher, Premium Gourmet Milk Chocolate Hazelnut, Individually Wrapped Candy for Gifting, 7.9 oz, 18 Count",5.0,0.959,Fresh Candy,Very good product! Arrived earlier than the scheduled date. Over all great product and service!.<br />This was a gift and they were very pleased. I do highly recommend.,True
B00HBUOVIO,"Ferrero Rocher, Premium Gourmet Milk Chocolate Hazelnut, Individually Wrapped Candy for Gifting, 7.9 oz, 18 Count",5.0,0.872,Five Stars,Wonderful they were a gift and they are being enjoyed,True
B00HBUOVIO,"Ferrero Rocher, Premium Gourmet Milk Chocolate Hazelnut, Individually Wrapped Candy for Gifting, 7.9 oz, 18 Count",5.0,0.995,Delicious candy to give as a gift or to treat yourself,"This box contains three different flavors of candy - chocolate, dark chocolate, and coconut. The presentation of the candies is beautiful with a clear plastic box and each piece of candy individually wrapped in foil. The variety of flavors and the attractive packaging makes this perfect for giving as a gift. The candy arrived unbroken and unmelted even though the temperature was still warm when they were delivered.<br /><br />The candy was definitely a hit in our house. I love dark chocolate so my favorite is the dark chocolates which are delicious. The milk chocolate is also tasty and is the perfect choice for those who don’t like the stronger taste of the darker chocolate. I don’t care for any type of coconut candy, but my husband said it was very good with a rich, coconut flavor. The quantity and variety of flavors makes this great for a gift. If you keep it for yourself, your family will thank you.",False
B00HBUOVIO,"Ferrero Rocher, Premium Gourmet Milk Chocolate Hazelnut, Individually Wrapped Candy for Gifting, 7.9 oz, 18 Count",5.0,0.791,"You can dress it up or dress it down. ""I't's Beautiful"".",It is a great gift.,True
B00HBUOVIO,"Ferrero Rocher, Premium Gourmet Milk Chocolate Hazelnut, Individually Wrapped Candy for Gifting, 7.9 oz, 18 Count",5.0,0.7,Good product.,Good product.,True
B00HBUOVIO,"Ferrero Rocher, Premium Gourmet Milk Chocolate Hazelnut, Individually Wrapped Candy for Gifting, 7.9 oz, 18 Count",5.0,0.926,Very nice and definitely giftable.,"The box is actually very nice. It's hard plastic; more of a case. The chocolate is, as always, addictive.<br />Would make a nice gift.",True
B00HBUOVIO,"Ferrero Rocher, Premium Gourmet Milk Chocolate Hazelnut, Individually Wrapped Candy for Gifting, 7.9 oz, 18 Count",5.0,0.102,Very good stuff,This chocolate is amazing if you’re a chocolate eater. I don’t eat chocolate often but this type I’m apparently crazy for.,False
B00HBUOVIO,"Ferrero Rocher, Premium Gourmet Milk Chocolate Hazelnut, Individually Wrapped Candy for Gifting, 7.9 oz, 18 Count",4.0,0.978,"Delicious Candy, Received All 6 Packs!","Really nice assortment of chocolates. I received all 6 boxes (3 of each type), each one containing 2 sleeves of 4 wrapped candies (8 candies per pack). They taste amazing, however, I did notice the Best By date is on the short side (received in Jan ’22 and they’re dated for April ’22)—Just something to keep in mind if you’re planning to eat these slowly.  They also seem a little pricey at $4.33 per pack/.54 cents per piece of candy (a 12-pack runs $4.99/.42 cents per piece at another retailer) based on the Ferrero Rocher only. However, the price may be worth it if you specifically want the Rondnoir. It was my first time trying this dark chocolate, no-nut version, and it was excellent! Four stars overall!",False
B00HBUOVIO,"Ferrero Rocher, Premium Gourmet Milk Chocolate Hazelnut, Individually Wrapped Candy for Gifting, 7.9 oz, 18 Count",4.0,0.0,Four Stars,rinse and repeat,True
B00HBUOVIO,"Ferrero Rocher, Premium Gourmet Milk Chocolate Hazelnut, Individually Wrapped Candy for Gifting, 7.9 oz, 18 Count",5.0,-0.341,Who doesn't like these?,"I use these to put in my cookie tins for the holidays. They seem to add a little interest in the tray. They actually aren't as good as my homemade cookies and chocolates, but I can't think of anyone that has ever tried one would refuse another.",True
B00HBUOVIO,"Ferrero Rocher, Premium Gourmet Milk Chocolate Hazelnut, Individually Wrapped Candy for Gifting, 7.9 oz, 18 Count",5.0,0.923,but know how great they are that is why I bought them,a grandchild found it and  I never got a one of them.....but know how great they are that is why I bought them.,True
B00HBUOVIO,"Ferrero Rocher, Premium Gourmet Milk Chocolate Hazelnut, Individually Wrapped Candy for Gifting, 7.9 oz, 18 Count",5.0,0.802,"Ferrero Rocher Gift Box, 18 Pieces","They were delicious as was expected.  This was a good size, enough but not too many.  The individually wrapped pieces keep them fresh and keep you eating selectively.",True
B00HBUOVIO,"Ferrero Rocher, Premium Gourmet Milk Chocolate Hazelnut, Individually Wrapped Candy for Gifting, 7.9 oz, 18 Count",5.0,0.784,Nice,Great price and taste,True
B00HBUOVIO,"Ferrero Rocher, Premium Gourmet Milk Chocolate Hazelnut, Individually Wrapped Candy for Gifting, 7.9 oz, 18 Count",5.0,0.0,Ya llegaron con buen tiempo,Para un regalo están exquisitos,True
B00HBUOVIO,"Ferrero Rocher, Premium Gourmet Milk Chocolate Hazelnut, Individually Wrapped Candy for Gifting, 7.9 oz, 18 Count",5.0,0.888,Love it,Really nice package for a gift. Tasty candy!,True
B00HBUOVIO,"Ferrero Rocher, Premium Gourmet Milk Chocolate Hazelnut, Individually Wrapped Candy for Gifting, 7.9 oz, 18 Count",3.0,-0.62,Container broken,Product not fresh,True
B00HBUOVIO,"Ferrero Rocher, Premium Gourmet Milk Chocolate Hazelnut, Individually Wrapped Candy for Gifting, 7.9 oz, 18 Count",5.0,0.598,Five Stars,Fantastic price and taste!,True
0375869026,Wonder,5.0,0.796,Five Stars,"My son loved it, very good book.",True
0375869026,Wonder,5.0,0.996,This book is a master class on compassion.,"Wonder tells the story of Auggie Pullman, a 10 year old boy born with a multi-syllabic, nearly-impossible-to-pronounce facial deformity. Because of numerous surgical procedures and medical needs, as well as fear over being bullied or ostracized, his parents have kept him from attending public school. But at the beginning of 5th grade, they decide to enroll him at Beecher Prep, and now Auggie must overcome more staring, whispering, and ill-treatment than he's ever experienced, and maybe teach his peers a few things in return.<br /><br />I love Auggie's family in this book. Mom, Dad, and sister Via are not perfect, and Palacio's honest portrayal of a family that loves, argues, makes mistakes, and fights for each other is touching and relatable.<br /><br />I also love that the book is told from several different perspectives, some of them unexpected. It not only brought me closer to each character, but helped me see Auggie's situation - and how it affected those around him - in a much fuller landscape.<br /><br />There were times I was brought to tears by the simple tenderness of Palacio's writing, the gut-wrenching honesty and plainness of it. This is one time I was happy to have a print copy of the book (vs on my ereader), because it was easier for me to flip back through and re-read favorite passages, marking some as I went along.<br /><br />You get the sense in Wonder that each of the characters - good, bad, or seemingly indifferent - are just doing the best they can. I often wondered while reading how I would react to being the mother, sister, friend of someone with such a severe deformity, or how I would react if it were me instead. There is so much raw, honest, human emotion in this book, it's easy to put yourself in any of the character's shoes.<br /><br />With Wonder, R.J. Palacio gives a master class on grace, compassion, tolerance, and love. It is what I consider a ""redemptive"" book, one that leaves you feeling changed and somehow better for having read it.",False
0375869026,Wonder,5.0,0.933,Great book (Hope it is published as a paperback soon!),"I love this book! I wish it were available as a paperback, but it is so good, that the hardcover was worth the investment.",True
0375869026,Wonder,5.0,0.44,Book,Gave as gift.,True
0375869026,Wonder,5.0,0.624,Five Stars,Amazing book. A must read for all ages!,True
0375869026,Wonder,4.0,0.96,Sweet and well-written,"Auggie Pullman loves Star Wars, his family, and his dog. His parents and his big sister Via have always looked out for him, and the folks on his block in upper Manhattan are used to him and care about him too. But now that he's starting fifth grade, his parents decide that it's time for him to venture outside his little world and go to school -- regular school -- where he'll have to deal with a whole lot of new people. That would be a challenge for any kid, but it's especially challenging for Auggie, whose face is not like other kids' faces.<br /><br />But this isn't a depressing, ""kids-with-issues"" book. In fact what struck me about it was how much Auggie's struggles are like other kids' struggles. His specific situation gives him difficulties that most other kids don't have to deal with. But he deals with them pretty much the way any kid would -- or maybe a little better. The story is told first from Auggie's point of view, then from his sister's and other characters', so we see the impact of Auggie's facial deformity on others around him as well. The book reminded me of the best of Judy Blume, with its realistic characters of various ages. But it's maybe a tad more optimistic about human nature. Aimed at ages 8 and up, I can see this book being enjoyed by teens and adults as well as younger kids.",False
0375869026,Wonder,4.0,0.893,great book,Great book.  Everyone feels like an outcast sometimes and this book fits the bill.,False
0375869026,Wonder,5.0,0.7,Wonder,"Good book, good purchase.",True
0375869026,Wonder,5.0,0.962,... and shared this book with a friend we both loved it!,I have read and shared this book with a friend we both loved it!,True
0375869026,Wonder,4.0,0.992,Wonder,OVERALL IMPRESSION: This book just makes me happy. Auggie had to overcome so much and he's so strong because of it. This books shows that people can overcome aything. And the face that this is such a young child makes it both heartbreaking and inspiring. This would be a great book to read with a child to help open up a discussion with them about getting to know someone without judging them based on their outward appearance.<br /><br />CHARACTERS: Auggie is blessed with a wonderful family that support him through everything. And Auggie himself is so sweet. I like the character of Jack quite a bit. He goes through a ton of character development throughout this book.<br /><br />COVER: I like the cover a lot. The blue is such a gorgeous color! I also really like the cover underneath the dust jacket.,False
0375869026,Wonder,5.0,0.7,Good product.,Good product.,True
0375869026,Wonder,5.0,0.904,It is the (current) favorite book of the 10 year old and her friends,Bought this as a birthday present.  It is the (current) favorite book of the 10 year old and her friends.,True
0375869026,Wonder,4.0,0.7,Good,Better than the movies,True
0375869026,Wonder,5.0,0.869,Good purchase,"Great book, came fast.  Thank you!",True
0375869026,Wonder,5.0,0.906,Fabulous Book!,"One of the best books I've ever read.  I have ordered more copies to give to friends.  I gave a copy to a student I am tutoring through the local library adult literacy program.  This was the first book she had read in English.  She asked if I would mind letting her keep it a bit longer so she could read it again.  I'd say to anyone, &#34;READ this book!&#34;",True
0375869026,Wonder,5.0,0.659,Five Stars,Great book!,True
0375869026,Wonder,5.0,0.97,... book as part of his supper reading & he LOVED it! It was a great book filled with ...,My 5th grader had to read this book as part of his supper reading & he LOVED it!  It was a great book filled with many very important lessons to be learned!,True
0375869026,Wonder,5.0,0.919,Awesome,"Amazing book, great price",True
0375869026,Wonder,5.0,0.959,Beautiful Story - Brilliant character,I couldn't put down this book when I start reading it. It is so engaging and easy to read. I love it. A must read.,True
0375869026,Wonder,5.0,0.969,had to read for summer and glad we did,"this was an assigned read for the summer.  my daughter was not happy at first but quickly grew to really enjoy it!  She liked the characters, the humor, etc.  The storyline is great for discussion for middle school age children.  Would recommend for tweeners and teens.  Be aware that the topic is about a disfigured boy who goes to public school for the first time.",True
0375869026,Wonder,5.0,0.699,Five Stars,Love this book! And it actually included another chapter! Can't wait for the movie to come out,True
0375869026,Wonder,5.0,0.511,Five Stars,My students enjoyed this book,True
0375869026,Wonder,4.0,0.999,"Wonder of wonders, miracle of miracles","They say if you want to win an Oscar you need to play somebody with an extreme personal difficulty (terminal illness, disease, etc.).  They do not, for the record, say that about award winning children's books.  There isn't this general understanding that if you want a shiny Newbery Medal on your cover then you need to give your main character autism or a cleft palate or any of that.  People write such books but if I were to make a very rough estimate I'd say that a good 90% of them were awful.  Why say such a thing?  Because when you have a child character facing life with a significant problem on their plate it's hard to present your story in such a way where the audience isn't just another gawker.  You need windows and mirrors.  To look into a person's mind and see someone like yourself (mirror) but to also look through your own eyes and see someone who has experiences you'll never have (window).  This balancing act often topples lesser authors, leaving flawed books with grand intentions.  Read enough of them and you get jaded and just automatically assume that the next one you pick up will be the same.  So I picked up ""Wonder"" by R.J. Palacio with skepticism on my mind.  And like its hero August Pullman, nothing about it was the same.  I mean that in the best way possible.<br /><br />Auggie Pullman has never had to go to school with other kids.  Lucky him you say?  Not so much.  You see, Auggie's a great kid.  Loves his Star Wars and his Xbox and all the other stuff kids are into.  He also has had more surgeries than most people go through in an entire lifetime, and he's only in the fifth grade.  Born with severe birth defects that have rendered his face very different from that of other kids he's been homeschooled for years.  Now, at long last, he has a chance to go to a small school near his home for the first time.  He's always had to deal with people treating him differently.  The real question is whether or not he can get them to look beyond his face to see how he's just the most ordinary kid you ever did know.<br /><br />The writing is good in a rather direct way.  Some children's authors can load a page with lines that cause you to stop and think and ponder for days at a time.  Not surprisingly, their books are fulfilling but make for slow reading.  Palacio's talent lies in pulling her audience along quickly, then spotting the story with small pinpoints of insight.  A child reading the book is interested right from the start and will easily swallow smart lines like ""Jack, sometimes you don't have to be mean to hurt someone.""  The book does slow down from time to time (during Justin's section most notably, though I'll get to that later) but overall it flows beautifully.<br /><br />They say that one of the most common stories you can tell is ""a stranger comes to town"".  ""Wonder"" was interesting because when tales like this one are told in middle grade novels, the narrator is inevitably one of the crowd.  A Nick Carraway to the hero Gatsby.  Think of novels like ""[[ASIN:0440416779 Stargirl]]"", ""[[ASIN:0316011703 Firegirl]]"", or ""[[ASIN:0525477268 Larger-Than-Life Lara]]"".  In each case you're with the crowd outside of the hero, watching.  Palacio tries something a little risky with her novel.  You start out in Auggie's head at the beginning.  Then, as the story progresses, she leaps into the heads of others.  From Auggie to his sister Via. From Via to schoolmate Summer.  Summer to Jack, Jack to Justin, Justin to Auggie again, Auggie to Miranda, Miranda back to Auggie at last.  It's interesting.  I would have expected the leaps of p.o.v. to be relegated solely to the center of the book.  Instead, that leap from Justin to Auggie to Miranda to Auggie is interesting.  You don't see Miranda coming, and I wondered for a moment why it was there.  My thinking was that the novel needed to get into the head of a couple of its ""villains"".  So you get to see what Jack was thinking when he was mean and what Miranda was dealing with when dissing Via.  I half expected the brain of the true bad guy of the book, Julian, to make an appearance but no such luck.  Each of these moments work pretty well.  Someone once asked me to name a truly great children's book that switches its p.o.v. and though I couldn't name one I knew it was not impossible.  The only character I would take out would be Via's boyfriend Justin.  His section is perfectly nice but its sole point, insofar as I could tell, was to show why Julian eventually claims that Jack hired a hit man to threaten him.  Other than that, it comes right out.<br /><br />Other choices in the novel struck my fancy as well.  The book begins by almost making a point of not describing Auggie's face when you're in Auggie's head.  He simply mentions his looks with a dismissive, ""I won't describe what I look like.  Whatever you're thinking, it's probably worse.""  I liked that.  You actually get a pretty good approximation of Auggie's face anyway, just due to the fact that he has to mention parts of it when describing why eating can be a problem, why his ears are difficult, etc.  I was a little disappointed then when we got to Via's section and she lays Auggie's looks on the line.  I understand why Palacio did it, of course.  You sort of need to know what you're dealing with so as to understand/condemn the kids that understand/condemn Auggie.  It's very interesting that it happens on page 88, though.  If I were doing this book with a kids' bookclub, I'd ask them why they thought the author waited so long.  I bet the answers could prove eye-opening.<br /><br />The story seems to take place in a little alternative New York City.  There's still an A train but there are also locations that don't quite exist like the Berkeley Heights area of upper Manhattan. In that little manmade sphere Palacio can drop in her characters and situations, some of which I've never seen before.  For example, I liked that Palacio showed how adults could be just as cruel and insensitive as kids (ex: Photoshopping Auggie out of the class photo and then handing out copies).  I liked that Palacio made a point of showing that mean people aren't necessarily bad people.  And I was particularly fond of the ending.  I had the worry that the book would try to show the community coming together for Auggie in a false way, but the reason the kids in his school start sticking up for him rang true to me.  We won't get into it, suffice to say that it's a lot more believable than the endings I've read in some other books.  I was admittedly a little disappointed when Julian, our resident villain, disappears from the book and, with him, all conflict goes too.  Still, it's a quibble.<br /><br />I worry a little that the novel will suffer in time due to the sheer number of contemporary references that pepper its pages.  Be ready for some Star Wars because Palacio delves into that world with gusto.  Heck, whole plot turns depend on it.  On top of that you'll find references to Justin Bieber, The Simpsons, Diary of a Wimpy Kid (there's an excellent explanation of ""The Cheese Touch"" here), Jimmy Neutron, Christina Aguilera, etc.  My hope is that this will just mean that the book becomes a kind of historical document in the future, but my worry is that in the interim, say ten years from now, it'll be considered instantly lame by the kids who find all these outdated references strange (except the Diary of a Wimpy Kid part . . . that's forever!).  I shouldn't have been surprised to find them, of course, when from the outset it was clear that the book was based on a Natalie Merchant song (which has been playing on a loop in my brain for the past two weeks or so).  And I'll forgive a lot from a book that quotes a Magnetic Fields song at length within the text.<br /><br />Heart.  Which is to say, writing books with heart.  It's a talent.  Some might say that the easy route is to write a book with a character like Auggie but I am of the opinion that an author actually makes their own job incredibly difficult if they follow Palacio's path.  You could end up with something saccharine or that just feels off in tone.  You could wind up ironic and bitter or so sugary sweet that no child will believe in your hero.  You could weigh the narrative down with ""lessons"" that chafe or you could eschew the lessons entirely and have a book without a moral compass or point.  Palacio navigates all these tricky areas and manages to come out with a story that is not only good, not only heartfeld, not only well-written, but something you actually want to return to after you've put it down.  She's figured out how to write characters that feel so real you might know them yourself.  So even if you don't think this is the book for you, fear not.  What we have here is a winner.  One that really and truly manages to feel both enjoyable and true.<br /><br />For ages 9-12.",False
0375869026,Wonder,5.0,0.999,We all overcometh the world,"I read this book because my daughter was reading it for school.  Not long into it, I realized I was reading a masterpiece, one of the finest books I had read of any kind for some time.<br /><br />One mark of a true classic is that it seems somehow like it always must have existed, in precisely the form that one encounters it.  That's the way I felt while reading this -- it read so easily, almost inevitably, as though somehow the story arose from some universal shared unconscious.<br /><br />Wonder is the story of Auggie Pullman, who suffers from manibulofacial dysostosis, a rare condition of abnormality in the bone development of his face.  The story begins with his family's efforts to finally shift him from home schooling to a real middle school, which to date he has been prevented from attending on account of his time spent recovering from various surgeries. The tale is told through various perspectives starting with Auggie's, who shares with us how he has had to become accustomed to the look of shock that comes over even kind people's faces when they first see him.  The parents are naturally anxious about how he will be received by the other students, and wonder whether he will be able to experience true friendship.<br /><br />Wonder is a brisk, accessible read because it is presented in the form of the thoughts of the characters, with no extended, meandering narration to wade through.  A couple of aspects struck me as making it an especially remarkable book.<br /><br />One is how the book doesn't dwell solely on Auggie's struggle alone.  Of course Auggie has the roughest time of it.  But it's of course also very rough for his parents for obvious reasons, and also on his sister, for the perhaps less obvious reason that she has had to receive less of her parents' attention than she otherwise would, due to Auggie's needs.  She finds herself in the awkward situation of many of her own needs not being fully met, and feeling the reality of that, but also not feeling that she is entitled to resent it.<br /><br />Another aspect that makes this book a treasure is how much one can't help but love several of the characters.  Auggie's drawn an unlucky hand in life, but he's also been dealt some advantages: he is a smart, capable student, and has a sharp sense of humor that delights those who bother to get to know him.  He also is lucky for some of the remarkable people around him: his parents, his sister Via, the remarkable middle school director Mr. Tushman, his English teacher Mr. Browne, Via's friend Miranda who adores Auggie, and two wonderful friends from school, Summer and Jack Will.  Jack Will in particular grabbed my heart - a boy of modest means amid more affluent classmates, who suffers socially for his friendship with Auggie.  Sometimes the book seems to depict an almost unrealistically good world, in that the fortitude of so many brave, kind people overcomes the hostile social forces surrounding Auggie.  Realistic or not, it's certainly a compelling world.<br /><br />Finally, the book is filled with moments of wonderful insight.  Jack Will's mother is sacrificing enormously to send him to an expensive school, but the only thing that seems to truly trouble her is when she fears for a moment her children would be less than kind to someone else.  Via helps Auggie to understand that, however great his challenge, he cannot live a truly fulfilling life until he realizes that other people too have problems that, if not as great as his, are nevertheless worth his compassion.  Mr. Browne presents words to live by that are for the reader's benefit as much as Auggie's. And I so wish every school could have a Mr. Tushman as its head.  He shrewdly understands the dynamics surrounding Auggie, and applies a subtle, yet powerful loving hand in helping Auggie triumph over adversity.<br /><br />Wonder is a book that, once read, will never leave your heart and memory.",True
0375869026,Wonder,5.0,0.952,then loved it so much that we bought a copy,"I got this book out of the library, then loved it so much that we bought a copy. I loved the way that different characters tell their part of the story in different chapters. It's a great story!",False
0375869026,Wonder,5.0,0.912,great quality,"Inspiration book, great quality",True
0375869026,Wonder,2.0,0.996,A Feel-Good Book That Misses The Mark,"I don’t hate Wonder, but I also don’t love it as others seem to. To me, Palacio is trying to write a feel-good book. A heavy-handed message and inaccurate facts takes precedence over the crafting of a good story. However, she misses the mark of a feel-good book by at times being patronizing and offensive.<br /><br />An often heard expression is “it’s all in the details”. For me, WWonder‘ details are shaky. August is about to start middle school, which means he should be entering sixth grade or possibly seventh. Nope, he’s starting fifth. Next, I had an issue with the fact the classrooms had chalkboards rather than whiteboards. Is this story set in the past? Nope. Does the book explain why a modern school is still using chalkboards? Nope. Finally, there’s lunch. For the nine years I’ve been teaching, I’ve seen it done only one way. Students aren’t allowed to sit anywhere they want, as they do in Wonder. They enter in line order and the only time that line order is broken is when students are pulled for misbehavior. Are there schools that let kids sit anywhere? Maybe, so I gave the book a partial pass on this one. But the liberties taken with these details made me question everything else in the story.<br /><br />Now that I’ve nitpicked, let’s get to the meat of my issues with Wonder. By now, anyone familiar with Wonder probably knows the inspiration behind it: Palacio and her sons encountered a little girl with a craniofacial abnormality, her three-year-old cried in fear, and Palacio reacted by fleeing with her children. Within a day, feeling she had missed the opportunity for a good teaching moment, Palacio began writing Wonder. Frankly, I thought that, in the wake of gems like Mockingbird by Kathryn Erskine and Rules by Cynthia Lord, we were beyond stories being used as little more than a vehicle to promote acceptance of those who are different. Repeatedly, August tells us that he views himself as normal. In contrast, Mockingbird brings readers into the life of a girl with autism who is learning to deal with death, and through her experience we get a glimpse into what it’s like to have autism. I also thought authors had stopped serving up books which use a character to show the rest of the world how to act. The whole theme of Wonder, even by Palacio’s admission, is that we should all learn to be kinder. In contrast, Rules shows us a girl who is learning how to deal with her brother’s autism, which sometimes she enjoys and other times makes her furious.<br /><br />I have one more quibble with Wonder. At times, August seems childish and even slow. Definitely not like the fifth graders I have taught. He did undergo several surgeries as a child. Did this put him back academically? His parents are also overprotective. Does this make him emotionally immature? Perhaps Palacio wanted to show August’s transition from being a dependent to independent child, but I still feel bothered. I have never met anyone with craniofacial abnormalities, but from what I’ve read they can have speech and language disabilities which doesn’t necessarily mean academic disabilities. Based on Wonder, readers might get the wrong impression about the intelligence of those with craniofacial abnormalities. (Oh, and it also brings up another inaccuracy. August’s school is private and so does not admit those with special needs. The book doesn’t say if August has impaired speech, but he does eventually wear hearing aids and speech impairment often goes hand-in-hand with hearing impairment.)<br /><br />The craniofacial community seems to have embraced Wonder, as have anti-bullying organizations and a number of top-notch review magazines. Wonder also has an exemplary message, one which would be worthy of a classroom discussion. I’ve also read reader reviews by those who question the portrayal of August, which has inspired questions about what it must like to have craniofacial abnormalities. For the above reasons, you might want to check it out Wonder.<br /><br />However, I’m going to end with a plea. Future writers of books for young people, while you should absolutely write more books about individuals with special needs, please treat your characters with respect by making them three-dimensional and placing them into rich stories, and don’t just use them as a teaching moment. That’s not fair to anyone.",False
0375869026,Wonder,4.0,0.318,Four Stars,A young adult novel that could be read by adults too.  Puts you under the main character's skin.,True
0375869026,Wonder,4.0,0.498,A very good book...,"Of course this was a good book.  A very good book, in fact.  I thought the author did an amazing job capturing the voices from the point of view of each of the characters.  The weakest, to me, however, was the voice of August himself.<br /><br />In any writing, I don't like my protagonist to be all good, and my antagonist to be all bad.  The world doesn't work that way, and writing that reflects that doesn't feel honest to me.  But for Middle Grade or Juvenile fiction, I think it is even more important to not have such a black and white world.  I would have liked to have heard Julian's story, too.  Knowing his motive would still have kept him the antagonist but it might help to show why he was lacking empathy.<br /><br />Via, the sister's, voice was the strongest.  Her story was also the most heartbreakingly honest.",False
0375869026,Wonder,5.0,0.883,Wonder Review,The book wonder is an amazing story that all students should read.  I am very pleased with this book! :),True
0375869026,Wonder,4.0,0.735,She enjoyed the book,I bought this as a gift.,True
0375869026,Wonder,3.0,0.981,but my granddaughter loved it. The story is wonderful and follows very ...,"As an adult, I found it was a little slow, but my granddaughter loved it.  The story is wonderful and follows very close to the movie recently released that I highly recommend.",True
0375869026,Wonder,5.0,0.831,Terrific book!,Great family read!,True
0375869026,Wonder,5.0,0.989,"This book is great, so easy to read and so interesting that ...","This book is great, so easy to read and so interesting that I read it and was sorry it ended so quickly. But, that makes it the reason I bought three copies to give away. It is a beautiful story and leaves you with an important and enriching empathy for children born with birth defects. My first-born son was a rubella baby (multi-handicapped) and was born in 1965 (during the german measles epidemic). He was the most loving and most considerate person I have ever had the pleasure of knowing. It was not his fault that he was almost blind and almost deaf and had a bad heart that took his life when he was 20 years old. But, you would have thought that people (not just kids but their parents as well) believed he was stupid for choosing that body or they believed they could catch whatever it was he had. His brother said people were like animals who believed that a baby who was hurt at birth would keep the herd from being able to migrate on time so they had to kill that baby. HIs brother gave me this book and I love it and I am so grateful to him. I hope this book spreads like wildfire, mankind would benefit greatly.",True
0375869026,Wonder,5.0,0.878,great lessons--perfect teaching tool!,really liked the book.  a FEW parts were slightly slow but then you got sucked into the story.  sometimes you wish there was an explanation of his facial defects....but it is not necessary to &#34;get&#34; it or to feel for him or the other characters. great lessons,True
0375869026,Wonder,5.0,0.525,Five Stars,Becautiful and heartwarming story!,True
0375869026,Wonder,5.0,0.648,Five Stars,"Good story, very well written about boy with physical deformities.  Story told from his point of view.",True
0375869026,Wonder,5.0,0.931,If Only I Could Give This Book A Standing Ovation,"Our family made a resolution to read a common book each month.  Wonder was our first selection, and an amazing way to kick off this little project.  We bought 3 copies so we could all read at our own pace and then, when we're done, donate the books to local schools.  I don't know how I will let go of my copy.  I loved this story- cried many times and sobbed through the ending.  I related to so many characters-- both the ""good"" and ""bad"" -- a great book to read and discuss with our 10 year old.  I recommend this to any middle reader or higher.  Amazing!",False
0375869026,Wonder,5.0,0.868,Great book! Not for young readers,I bought several for gifts for older kids.  Great book!  Not for young readers.,True
0375869026,Wonder,5.0,0.915,A must read for upper elementary school kids,This story will stay with you for awhile. Great concepts for young readers to understand what it might feel like to be &#34;different.&#34;  I liked so much I bought a copy for my kids' school library. I am encouraging the teachers to read it aloud to their students.,True
0375869026,Wonder,5.0,0.96,I loved this book and can't wait to read it aloud ...,"I could not get enough of this book. There were times where I was laughing and times that I was snot-bubbling crying. I loved this book and can't wait to read it aloud to my class this upcoming year. I purchased this book to help promote the virtue of caring and empathy in my class read aloud story. My students don't quite understand the differences in people whether they can see the changes physically or not, so all of my class read aloud stories are theme based.",True
0375869026,Wonder,5.0,0.841,Wonder-ful!!,"What can I say that hasn't already been said?? I love this book. I sucked me in from the first page. Perfect for girls 4th grade+. I think that it's best for boys in 5th grade or higher because of the sensitive content, talk of crushes and one character remarks about her bust size more than once. I can't recommend it highly enough. I was very glad to see it on the Battle of the Books list for 2015!",True
0375869026,Wonder,5.0,0.886,and she looked at me like I was from another planet,"I think this is a must-read for anyone who cares about children. It addresses &#34;bullying&#34; in an appropriate and heartwarming way.<br />&#34;Bullying&#34; is rampant today. I asked my 12-year-old granddaughter, and she looked at me like I was from another planet,<br />just for asking!",True
0375869026,Wonder,5.0,0.625,Wonder,Great book.,True
0375869026,Wonder,5.0,0.957,He loved it and would tell me about how this boy ...,"My 9-year-old son gobbled this book up. He loved it and would tell me about how this boy was treated, and it led to some life-lesson discussions about how we treat people who are different from us. I'm sure my son would give it five stars, so that's what I'm doing. This was recommended by a teen librarian from a local library who really knows her stuff, as my son has enjoyed several books recommended by her.",True
0375869026,Wonder,4.0,0.971,"Great book, though slightly overrated","Great book, though slightly overrated. Perfect for middle school kids and only clean language. Nice lessons- empathy, family, communication, friendship, accepting people, looking past externals (not just in the protagonist), etc.",True
0375869026,Wonder,5.0,0.84,What a beautiful book. Two days before school started I learned ...,What a beautiful book.  Two days before school started I learned my granddaughter was to have read Wonder during the summer.  She had not.  She was also expected to complete a worksheet about the book that was to be brought to school on the first day.  We read from 6:00-10:00 the first day and until 8:30 pm the second day.  She didn't fuss with me once about having to read the last day of summer break.  She loved the book and was anxious to learn what would happen next.  This story teaches children about bullying and reminds them that we are all the same on the inside.  I think all parents (or grandparents) should share this book with their child.,True
0375869026,Wonder,5.0,0.959,"Deserves 10 stars, not 5","My 7 year old daugher and I read this together.  There were times I skipped over some parts that were probably too old for her, but all in all we LOVED this book (understatement).  It brought up so many great converstaions about life and kindness and history.  It is exteremly well written and there were many nights we could not put it down.  I can't say enough good about it.",True
0375869026,Wonder,5.0,0.44,Five Stars,It's good product,True
0375869026,Wonder,4.0,0.0,Wonder,Bought for my granddaughter and she has not seen yet.,True
B0BN942894,"BENGOO Stereo Pro Gaming Headset for PS4, PC, Xbox One Controller, Noise Cancelling Over Ear Headphones with Mic, LED Light, Bass Surround, Soft Memory Earmuffs for Laptop Mac Wii Accessory Kits",5.0,0.778,Good sound quality,Kids loved them,True
B0BN942894,"BENGOO Stereo Pro Gaming Headset for PS4, PC, Xbox One Controller, Noise Cancelling Over Ear Headphones with Mic, LED Light, Bass Surround, Soft Memory Earmuffs for Laptop Mac Wii Accessory Kits",1.0,-0.101,Cheaply made poor quality,"Item received broken poor quality. Adjusting headband cheaply made. Seller asked me to change my review, in exchange for a Possible refund of 40.00. Feedback extortion? Wow. Amazon lets anyone sell here. Marketplace is getting really low class. If you don’t like honest reviews go sell somewhere else.",True
B0BN942894,"BENGOO Stereo Pro Gaming Headset for PS4, PC, Xbox One Controller, Noise Cancelling Over Ear Headphones with Mic, LED Light, Bass Surround, Soft Memory Earmuffs for Laptop Mac Wii Accessory Kits",5.0,0.583,Good deal!,If you're really into gaming I should have this! For the money ur getting a decent set here!,True
B0BN942894,"BENGOO Stereo Pro Gaming Headset for PS4, PC, Xbox One Controller, Noise Cancelling Over Ear Headphones with Mic, LED Light, Bass Surround, Soft Memory Earmuffs for Laptop Mac Wii Accessory Kits",4.0,0.691,Pretty good so far.,Much better than the NUBWO N2+. Mic broke on N2+ so I bought these. Much better sound and noise cancellation. Only improvements are a notch on the volume knob so i know where it’s at. Also twice people have said “I can barely hear you” but otherwise it’s jot been an issue so dunno.,True
B0BN942894,"BENGOO Stereo Pro Gaming Headset for PS4, PC, Xbox One Controller, Noise Cancelling Over Ear Headphones with Mic, LED Light, Bass Surround, Soft Memory Earmuffs for Laptop Mac Wii Accessory Kits",5.0,0.979,Love Them!,These were perfect! The sound is good and the mic is good. I also really love that they light up different colors. They were also comfortable on the ears. Overall very pleased!,True
B0BN942894,"BENGOO Stereo Pro Gaming Headset for PS4, PC, Xbox One Controller, Noise Cancelling Over Ear Headphones with Mic, LED Light, Bass Surround, Soft Memory Earmuffs for Laptop Mac Wii Accessory Kits",5.0,0.969,Good for the price,Absolutely love these headphones. The cord gets in the way sometimes. But the sound quality is very good and for the price I love these. I bought a red one and blue one for me and my son. He loves them,True
B0BN942894,"BENGOO Stereo Pro Gaming Headset for PS4, PC, Xbox One Controller, Noise Cancelling Over Ear Headphones with Mic, LED Light, Bass Surround, Soft Memory Earmuffs for Laptop Mac Wii Accessory Kits",5.0,0.402,Good for gaming,The chord is the only thing I worry about not lasting.  I live the set up and playability.  Wish out would light up with the jack and not just the usb.,True
B0BN942894,"BENGOO Stereo Pro Gaming Headset for PS4, PC, Xbox One Controller, Noise Cancelling Over Ear Headphones with Mic, LED Light, Bass Surround, Soft Memory Earmuffs for Laptop Mac Wii Accessory Kits",5.0,0.938,Great,These headphones works great. The quality and sound are really good. Highly recommend.,True
B0BN942894,"BENGOO Stereo Pro Gaming Headset for PS4, PC, Xbox One Controller, Noise Cancelling Over Ear Headphones with Mic, LED Light, Bass Surround, Soft Memory Earmuffs for Laptop Mac Wii Accessory Kits",5.0,0.932,Great volume good quality true color,Love this headset,True
B0BN942894,"BENGOO Stereo Pro Gaming Headset for PS4, PC, Xbox One Controller, Noise Cancelling Over Ear Headphones with Mic, LED Light, Bass Surround, Soft Memory Earmuffs for Laptop Mac Wii Accessory Kits",1.0,0.625,good for 4 months,Worked ok for about 4 months. Then the mic just went out.,True
B0BN942894,"BENGOO Stereo Pro Gaming Headset for PS4, PC, Xbox One Controller, Noise Cancelling Over Ear Headphones with Mic, LED Light, Bass Surround, Soft Memory Earmuffs for Laptop Mac Wii Accessory Kits",5.0,0.836,Strong and works great,Bought this item for my son because other mics he tried broke on him.<br />These seem to last.<br />2 weeks going strong.,True
B0BN942894,"BENGOO Stereo Pro Gaming Headset for PS4, PC, Xbox One Controller, Noise Cancelling Over Ear Headphones with Mic, LED Light, Bass Surround, Soft Memory Earmuffs for Laptop Mac Wii Accessory Kits",5.0,0.625,Five Stars,great item for price,True
B0BN942894,"BENGOO Stereo Pro Gaming Headset for PS4, PC, Xbox One Controller, Noise Cancelling Over Ear Headphones with Mic, LED Light, Bass Surround, Soft Memory Earmuffs for Laptop Mac Wii Accessory Kits",5.0,0.911,Very comfortable,"Easy for gaming and school with 1 side corded.  Good sound, very clear",True
B0BN942894,"BENGOO Stereo Pro Gaming Headset for PS4, PC, Xbox One Controller, Noise Cancelling Over Ear Headphones with Mic, LED Light, Bass Surround, Soft Memory Earmuffs for Laptop Mac Wii Accessory Kits",3.0,0.653,Great Headset but...,That cord is ridiculously long.  It plugs into the controller so there is no reason the cord that connects the two should be that long.  The connecting cord for this headset is almost 3 feet in length.  Everything else about the product is great though.,True
B0BN942894,"BENGOO Stereo Pro Gaming Headset for PS4, PC, Xbox One Controller, Noise Cancelling Over Ear Headphones with Mic, LED Light, Bass Surround, Soft Memory Earmuffs for Laptop Mac Wii Accessory Kits",1.0,-0.421,Junk,"Only worked for few months , bought for son for Christmas  already broke",True
B0BN942894,"BENGOO Stereo Pro Gaming Headset for PS4, PC, Xbox One Controller, Noise Cancelling Over Ear Headphones with Mic, LED Light, Bass Surround, Soft Memory Earmuffs for Laptop Mac Wii Accessory Kits",5.0,0.848,It works great,It works great,True
B0BN942894,"BENGOO Stereo Pro Gaming Headset for PS4, PC, Xbox One Controller, Noise Cancelling Over Ear Headphones with Mic, LED Light, Bass Surround, Soft Memory Earmuffs for Laptop Mac Wii Accessory Kits",1.0,0.494,Good if you don’t want to be heard,Everyone says I sound far away or in a tunnel,True
B0BN942894,"BENGOO Stereo Pro Gaming Headset for PS4, PC, Xbox One Controller, Noise Cancelling Over Ear Headphones with Mic, LED Light, Bass Surround, Soft Memory Earmuffs for Laptop Mac Wii Accessory Kits",5.0,0.869,Good for gaming.,Feels great on the head and the sound quality is nice,True
B0BN942894,"BENGOO Stereo Pro Gaming Headset for PS4, PC, Xbox One Controller, Noise Cancelling Over Ear Headphones with Mic, LED Light, Bass Surround, Soft Memory Earmuffs for Laptop Mac Wii Accessory Kits",5.0,0.691,Gift for adult gamer,He said ALL stars. Color is nice too,True
B0BN942894,"BENGOO Stereo Pro Gaming Headset for PS4, PC, Xbox One Controller, Noise Cancelling Over Ear Headphones with Mic, LED Light, Bass Surround, Soft Memory Earmuffs for Laptop Mac Wii Accessory Kits",4.0,0.625,Headphones,Great headphone,True
B0BN942894,"BENGOO Stereo Pro Gaming Headset for PS4, PC, Xbox One Controller, Noise Cancelling Over Ear Headphones with Mic, LED Light, Bass Surround, Soft Memory Earmuffs for Laptop Mac Wii Accessory Kits",5.0,0.876,Great sound and quality,Works great the cord is longer than I would have liked. Also not a fan that the lights need a USB port,True
B0BN942894,"BENGOO Stereo Pro Gaming Headset for PS4, PC, Xbox One Controller, Noise Cancelling Over Ear Headphones with Mic, LED Light, Bass Surround, Soft Memory Earmuffs for Laptop Mac Wii Accessory Kits",5.0,0.689,They work great!,The cord to light the headphones up should b longer.otherwise it is great!they use it for TV aming.,True
B0BN942894,"BENGOO Stereo Pro Gaming Headset for PS4, PC, Xbox One Controller, Noise Cancelling Over Ear Headphones with Mic, LED Light, Bass Surround, Soft Memory Earmuffs for Laptop Mac Wii Accessory Kits",1.0,0.459,One Star,Broken 4 months later with good care.,True
B0BN942894,"BENGOO Stereo Pro Gaming Headset for PS4, PC, Xbox One Controller, Noise Cancelling Over Ear Headphones with Mic, LED Light, Bass Surround, Soft Memory Earmuffs for Laptop Mac Wii Accessory Kits",4.0,0.932,Work great,These work great for my son and he loves playing video games with new headphones!,True
B0BN942894,"BENGOO Stereo Pro Gaming Headset for PS4, PC, Xbox One Controller, Noise Cancelling Over Ear Headphones with Mic, LED Light, Bass Surround, Soft Memory Earmuffs for Laptop Mac Wii Accessory Kits",5.0,0.93,good for gaming,I bought these for my son for his xbox.  He can use them to hear the game and talk with his friends during the game.  They work great.  He tends to wear them out quickly so I hope this pair lasts,True
B0BN942894,"BENGOO Stereo Pro Gaming Headset for PS4, PC, Xbox One Controller, Noise Cancelling Over Ear Headphones with Mic, LED Light, Bass Surround, Soft Memory Earmuffs for Laptop Mac Wii Accessory Kits",5.0,0.765,perfect,"Got them for my daughter, she said they are better then her (broken) turtle beaches.",True
B0BN942894,"BENGOO Stereo Pro Gaming Headset for PS4, PC, Xbox One Controller, Noise Cancelling Over Ear Headphones with Mic, LED Light, Bass Surround, Soft Memory Earmuffs for Laptop Mac Wii Accessory Kits",5.0,0.792,So far so good.,"Sound is not as good as other headphones, but it gets the job done. Microphone works just fine. USB port is useless as it's only used for lighting purposes. However, product works fine and would recommend it.",True
B0BN942894,"BENGOO Stereo Pro Gaming Headset for PS4, PC, Xbox One Controller, Noise Cancelling Over Ear Headphones with Mic, LED Light, Bass Surround, Soft Memory Earmuffs for Laptop Mac Wii Accessory Kits",5.0,0.93,Pleased,"Good sound, comfortable fit. I do not use the usb plug for the lighting effect. had to buy a converter plug to plug in the two prongs for the sound and microphone to my usb. Otherwise a very good and inexpensive set of headphones.",False
B0BN942894,"BENGOO Stereo Pro Gaming Headset for PS4, PC, Xbox One Controller, Noise Cancelling Over Ear Headphones with Mic, LED Light, Bass Surround, Soft Memory Earmuffs for Laptop Mac Wii Accessory Kits",4.0,0.809,Good Affordable Headset,"These were a gift for my son, he loves them. I did test them out, the sound was a little tinny but not that noticeable. I use a Razer set but these worked really well.",True
B0BN942894,"BENGOO Stereo Pro Gaming Headset for PS4, PC, Xbox One Controller, Noise Cancelling Over Ear Headphones with Mic, LED Light, Bass Surround, Soft Memory Earmuffs for Laptop Mac Wii Accessory Kits",5.0,0.943,Grandson is happy with them,I purchased these as a Christmas gift for my grandson and he's very happy with them. So I guess they're great!,True
B0BN942894,"BENGOO Stereo Pro Gaming Headset for PS4, PC, Xbox One Controller, Noise Cancelling Over Ear Headphones with Mic, LED Light, Bass Surround, Soft Memory Earmuffs for Laptop Mac Wii Accessory Kits",5.0,0.781,Great Deal & Kuel Design,"Good quality for the price, especially the braded cable.  Comes with a braded mic/phone splitter.  Kuel hi-tech design.<br />Mic boom and mute switch are a lil too hard to operate but will hopefully break in over time.  A curved saw grip on the mute switch would have helped a lot.",True
B0BN942894,"BENGOO Stereo Pro Gaming Headset for PS4, PC, Xbox One Controller, Noise Cancelling Over Ear Headphones with Mic, LED Light, Bass Surround, Soft Memory Earmuffs for Laptop Mac Wii Accessory Kits",4.0,0.971,Good headphones!,Work great! Needed to get a usb extension cord but other then that good headphones!! The company is very helpful and easy to work with when I had an issue. Thanks!,True
B0BN942894,"BENGOO Stereo Pro Gaming Headset for PS4, PC, Xbox One Controller, Noise Cancelling Over Ear Headphones with Mic, LED Light, Bass Surround, Soft Memory Earmuffs for Laptop Mac Wii Accessory Kits",2.0,-0.423,Cheap,First you can either have the headset glowing or you can actually use the mic. Pick one you cant have both. Secondly maybe its just mine but my headset is completly lopsoded. Crocked however you want me to say it. Third due to it being uneven sound quality isnt great. No noise cancelation and its not as loud as i would like it. Last its uncomfortable period,True
B0BN942894,"BENGOO Stereo Pro Gaming Headset for PS4, PC, Xbox One Controller, Noise Cancelling Over Ear Headphones with Mic, LED Light, Bass Surround, Soft Memory Earmuffs for Laptop Mac Wii Accessory Kits",4.0,0.681,Great value,"Quality product. I would request bigger ear holes, otherwise no complaints.  I'm using it for my PS4, plugs straight into the controller and works well.",True
B0BN942894,"BENGOO Stereo Pro Gaming Headset for PS4, PC, Xbox One Controller, Noise Cancelling Over Ear Headphones with Mic, LED Light, Bass Surround, Soft Memory Earmuffs for Laptop Mac Wii Accessory Kits",5.0,0.844,Great Product,Excellent product! So much quieter at my house now 😁,True
B0BN942894,"BENGOO Stereo Pro Gaming Headset for PS4, PC, Xbox One Controller, Noise Cancelling Over Ear Headphones with Mic, LED Light, Bass Surround, Soft Memory Earmuffs for Laptop Mac Wii Accessory Kits",5.0,0.238,Can't beat for the money,You are not going to find a better headset for the money. I can hear someone sneaking up on my on COD but can't hear my wife talking to me from the kitchen.,True
B0BN942894,"BENGOO Stereo Pro Gaming Headset for PS4, PC, Xbox One Controller, Noise Cancelling Over Ear Headphones with Mic, LED Light, Bass Surround, Soft Memory Earmuffs for Laptop Mac Wii Accessory Kits",3.0,-0.695,Great for a child,it's very small.<br />I really enjoyed the sleek design of it.<br />But I think I'll have to give this to my kid.<br />Yeah the padding is soft but very firm. Maybe my ears are too big? Cause it hurts to wear after a long period of time (max 3 hours)<br />The microphone isn't great for what I wanted. I'm just too soft spoken of a person for this to work for me. Probably cause the mic is stiff and I can't get it any closer to my face. This purchase was a learning experience for me.,True
B0BN942894,"BENGOO Stereo Pro Gaming Headset for PS4, PC, Xbox One Controller, Noise Cancelling Over Ear Headphones with Mic, LED Light, Bass Surround, Soft Memory Earmuffs for Laptop Mac Wii Accessory Kits",5.0,0.92,So far so good,I've had a few different gaming headsets.  The cord usually breaks on them after a year.  The cable end that connects to the PS4 controller seems better made and stronger than other ones I've had in the past.  Hopefully it holds up.  The headset is also smaller than other ones I've had so it feels lighter on my head when playing games for long periods of time.,True
B0BN942894,"BENGOO Stereo Pro Gaming Headset for PS4, PC, Xbox One Controller, Noise Cancelling Over Ear Headphones with Mic, LED Light, Bass Surround, Soft Memory Earmuffs for Laptop Mac Wii Accessory Kits",5.0,0.964,The mic in these head phones broke after just three ...,"My first set broke, but the company answered my review and sent me a new pair with a new headphone splitter. I really appreciate that.<br /><br />The headphones are very comfortable with great sound quality. So far they've been the most comfortable that I've owned.",True
B0BN942894,"BENGOO Stereo Pro Gaming Headset for PS4, PC, Xbox One Controller, Noise Cancelling Over Ear Headphones with Mic, LED Light, Bass Surround, Soft Memory Earmuffs for Laptop Mac Wii Accessory Kits",5.0,0.848,Great product for the price,great deal for the price,True
B0BN942894,"BENGOO Stereo Pro Gaming Headset for PS4, PC, Xbox One Controller, Noise Cancelling Over Ear Headphones with Mic, LED Light, Bass Surround, Soft Memory Earmuffs for Laptop Mac Wii Accessory Kits",4.0,0.635,"Neat LOOKING but heavy,","A heavy, solid piece of gaming equipment, for sure. It is heavy and probably not the best for those with any posture of neck/head issues. It cancels out OKAY, though a bit much? Sound is more quiet than usual coming in from say, a game or Youtube? I have to turn things way up to hear. It's not a bad headset, just bulky for ME. Cancels out in coming noise too much for me to get used to.",True
B0BN942894,"BENGOO Stereo Pro Gaming Headset for PS4, PC, Xbox One Controller, Noise Cancelling Over Ear Headphones with Mic, LED Light, Bass Surround, Soft Memory Earmuffs for Laptop Mac Wii Accessory Kits",1.0,-0.467,Crap!,This headset stopped working after a month!  Do NOT waste your money!,True
B0BN942894,"BENGOO Stereo Pro Gaming Headset for PS4, PC, Xbox One Controller, Noise Cancelling Over Ear Headphones with Mic, LED Light, Bass Surround, Soft Memory Earmuffs for Laptop Mac Wii Accessory Kits",5.0,0.572,Five Stars,My grandson loves them.,True
B0BN942894,"BENGOO Stereo Pro Gaming Headset for PS4, PC, Xbox One Controller, Noise Cancelling Over Ear Headphones with Mic, LED Light, Bass Surround, Soft Memory Earmuffs for Laptop Mac Wii Accessory Kits",2.0,0.919,Great value,Great value,True
B0BN942894,"BENGOO Stereo Pro Gaming Headset for PS4, PC, Xbox One Controller, Noise Cancelling Over Ear Headphones with Mic, LED Light, Bass Surround, Soft Memory Earmuffs for Laptop Mac Wii Accessory Kits",5.0,0.94,Works perfectly,This was a fantastic price. I bought it for my young friend. And he loves it,True
B0BN942894,"BENGOO Stereo Pro Gaming Headset for PS4, PC, Xbox One Controller, Noise Cancelling Over Ear Headphones with Mic, LED Light, Bass Surround, Soft Memory Earmuffs for Laptop Mac Wii Accessory Kits",5.0,0.158,Not worth the money or hype!,Love the color and lights! Lack of sound quality. No access to microphone use.,False
B0BN942894,"BENGOO Stereo Pro Gaming Headset for PS4, PC, Xbox One Controller, Noise Cancelling Over Ear Headphones with Mic, LED Light, Bass Surround, Soft Memory Earmuffs for Laptop Mac Wii Accessory Kits",4.0,0.7,A Good buy,My son uses it for gaming and says its a good buy.,True
B0BN942894,"BENGOO Stereo Pro Gaming Headset for PS4, PC, Xbox One Controller, Noise Cancelling Over Ear Headphones with Mic, LED Light, Bass Surround, Soft Memory Earmuffs for Laptop Mac Wii Accessory Kits",5.0,0.557,It seems to work well.,"I bought it for my daughter, and she seems to like it.",True
B0BN942894,"BENGOO Stereo Pro Gaming Headset for PS4, PC, Xbox One Controller, Noise Cancelling Over Ear Headphones with Mic, LED Light, Bass Surround, Soft Memory Earmuffs for Laptop Mac Wii Accessory Kits",4.0,0.615,Work good,"They work ok but ours won't light up. We plugged it into the ps4 remote and into the ps4 but it doesn't light up. Also the part that plugs into the remote and the part that plugs into the ps4 has almost no length to it so if you do plug it into both, you have to be SUPER close to the ps4. If you only plug it into the remote, you can sit anywhere and play. The splitter for the rca jack and the part that plugs into the front has only 7 inches of clearance! So if you want it to light up, if you are lucky enough to get a set that does light up, you have to sit a maximum of 7 inches from your playstation. That's ridiculous! The chat volume control doesn't work that great either. We adjust it up but it doesn't seem to increase the volume until you max it out and then it gets a little too loud. If I had to do it over again I would go with a different set. They get 2 stars because they work somewhat.<br />UPDATE: They contacted me and sent me a new set and these light up! The 1st pair was defective. If you want them to light up when you use them, you still have to buy a usb extension cable or you can only sit about 12 inches away from the PS4. The usb cable is just too short.",True
B0BN942894,"BENGOO Stereo Pro Gaming Headset for PS4, PC, Xbox One Controller, Noise Cancelling Over Ear Headphones with Mic, LED Light, Bass Surround, Soft Memory Earmuffs for Laptop Mac Wii Accessory Kits",5.0,0.9,Comfortable,"This is my second set, one for each child. They use them for school and gaming. Great quality and very comfortable.",True
B004RMK5QG,PlayStation Plus: 12 Month Membership [Digital Code],5.0,0.902,Love it. Code worked instantly and when it expires ...,"Love it. Code worked instantly and when it expires I will definitely buy again. The price for this is going up to $59.99, so this is cheaper than buying in a store.",True
B004RMK5QG,PlayStation Plus: 12 Month Membership [Digital Code],5.0,0.807,Must have for online ps4 gaming,Buy on black friday an save $20 yearly. Then the price is great.,True
B004RMK5QG,PlayStation Plus: 12 Month Membership [Digital Code],5.0,0.888,Took days to find it but They loved it,An easy purchase but they never tell you that the digital code will be sent to your email and when you find that email you need to click the brown button that says Your games and software library and that is where you will see your digital code !,True
B004RMK5QG,PlayStation Plus: 12 Month Membership [Digital Code],5.0,-0.296,Worked as planned,I received this very timely and worked with no issue.,True
B004RMK5QG,PlayStation Plus: 12 Month Membership [Digital Code],5.0,0.848,Great deal,Great deal,True
B004RMK5QG,PlayStation Plus: 12 Month Membership [Digital Code],5.0,0.893,"A great, but necessary service",Playstation Plus is a no brainer. With the free games you get every month the service pays for itself in a few months. It is also required now to play games online on the PS4 but that's no problem because the service is still a great value over the competition...cough...Xbox Live...cough cough.,True
B004RMK5QG,PlayStation Plus: 12 Month Membership [Digital Code],5.0,0.938,Great value,"I can play all my games online with this. The year membership gives me the best value, because it's normally $9.99 per month, this saves me over 50%",True
B004RMK5QG,PlayStation Plus: 12 Month Membership [Digital Code],5.0,0.902,Love sony,"Huge Sony fan, purchased this for endless fun in call of duty.",True
B004RMK5QG,PlayStation Plus: 12 Month Membership [Digital Code],5.0,0.84,Good Value,Always happy to get a discount on my yearly PS+ subscription.,True
B004RMK5QG,PlayStation Plus: 12 Month Membership [Digital Code],5.0,0.964,Definitely worth it if you play at least a moderate amount,"I'm a fairly casual gamer, and only really play a lot when a highly anticipated title is released (Fallout, Elder Scrolls, Final Fantasy, Resident Evil or Silent Hill titles, mostly.)  I do like to have a few short games to play during my down times as well (Alien Breed and Dead Nation come to mind) and PlayStation Plus will allow you to get many games like this for cheaper, or free.  Since I subscribed, shortly after that PSN outage in April, I've more than recovered my cost for the 1 year subscription.  I also really like the automatic update feature.  When I do have time to play games, I don't like having to wait 40 minutes to download a system update or patch.  This allows me to set it up to download and install patches at a time I choose (4am-6am for me) so I can just boot up and play.",False
B004RMK5QG,PlayStation Plus: 12 Month Membership [Digital Code],5.0,0.934,Great for yourself or as a gift.,I love how easy these are to use or give to others.,True
B004RMK5QG,PlayStation Plus: 12 Month Membership [Digital Code],5.0,0.918,"IGC, Powers, and online gaming.","You need this to play online on the Sony network.<br /><br />Members can watch the Powers tv series at no additional cost.<br /><br />Members get bonus items like themes and such, which is kind of nice.<br /><br />Members also get the Instant Game Collection.  The Thursday before first Tuesday of the month, Sony announces the new IGC games for the following month.  They are usually a combination of AAA titles that have been out at least a year and indi games.  There are games for Vita, PS3, and PS4 every month and one membership covers them all.  Then on the first Tuesday of the month, close to the end of the day, they all show up on the PlayStation store for the picking.<br /><br />If I had to choose between this and XBox Live, for someone who has both platforms, I'd go with this because of Powers and because there are more, and better games in IGC than in Games with Gold.  Membership is definitely worth it.",True
B004RMK5QG,PlayStation Plus: 12 Month Membership [Digital Code],5.0,0.835,Worked fine.,Received code within minutes and worked fine!!! Great deal!!!,True
B004RMK5QG,PlayStation Plus: 12 Month Membership [Digital Code],5.0,0.0,Five Stars,Playstation Plus is a must!,True
B004RMK5QG,PlayStation Plus: 12 Month Membership [Digital Code],5.0,0.402,Got for my son,I buy this for my son every year. He seem to appreciate it,True
B004RMK5QG,PlayStation Plus: 12 Month Membership [Digital Code],5.0,-0.635,Five Stars,Was for my grandson and apparently he couldn't be happier. Thanks,True
B004RMK5QG,PlayStation Plus: 12 Month Membership [Digital Code],5.0,0.226,Not lost anymore!,I'd be LOST without it! I've just moved to a very rural part of another state and this Garmin gets me where I have to go! Knowing I can update the maps as needed is very important.,True
B004RMK5QG,PlayStation Plus: 12 Month Membership [Digital Code],5.0,0.919,Quick review for a first time PS4 owner on PSN+,"You need this for multiplayer gaming on the PS4. The benefits other than needing it for the PS4 is two free games a month. You don't pick them, Sony does and they tend to have indies, or semi popular games. When I originally bought this was for my PS4 on Nov 2013 since then the library of games have grown. If by chance you have a PS3 or vita then they also get two free games a month.",True
B004RMK5QG,PlayStation Plus: 12 Month Membership [Digital Code],5.0,0.856,Love it,Works perfectly,True
B004RMK5QG,PlayStation Plus: 12 Month Membership [Digital Code],5.0,0.0,simple,"I could of bought this on psn, but I wanted to try this out, and I would buy this again if I don't have access on psn plus.",True
B004RMK5QG,PlayStation Plus: 12 Month Membership [Digital Code],5.0,0.791,12 month ps plus,"It’s ps plus , Black Friday deals, free games and other content worth the fee, should’ve been cheaper, satisfied with purchase",True
B004RMK5QG,PlayStation Plus: 12 Month Membership [Digital Code],5.0,0.984,Excellent value!,"As a charted 10+ year member of Xbox Live I am used to paying for online but Sony goes above and beyond giveing you games you actually care about as free rewards. Also they give you a discount on nearly new releases and since the PS4 launch the freebies have been amazing: Resogun, Don't Starve and Outlast.",True
B004RMK5QG,PlayStation Plus: 12 Month Membership [Digital Code],5.0,-0.826,not free to play online like ps3. the free monthly games already make this ...,"guess i had no choice, not free to play online like ps3. the free monthly games already make this purchase worthwhile.",True
B004RMK5QG,PlayStation Plus: 12 Month Membership [Digital Code],4.0,0.876,It's a 1 year membership,I saved a penny buying this online for my son - woo hoo. But I like the convenience because it's easy for him to just enter the code instantly instead of waiting for the card to show up in the mail.,True
B004RMK5QG,PlayStation Plus: 12 Month Membership [Digital Code],5.0,0.659,Five Stars,Great price!  Simple to apply code.,True
B004RMK5QG,PlayStation Plus: 12 Month Membership [Digital Code],5.0,0.765,Quick delivery,Perfect purchase for a relative for Christmas and made it easy to purchase.,True
B004RMK5QG,PlayStation Plus: 12 Month Membership [Digital Code],5.0,0.902,Great gift idea for any teen,Great for Xmas gifts,True
B004RMK5QG,PlayStation Plus: 12 Month Membership [Digital Code],5.0,-0.382,No hasle,You get what you pay for,True
B004RMK5QG,PlayStation Plus: 12 Month Membership [Digital Code],5.0,0.583,Is as described!,Rapidly arrived in my inbox and was exactly as described! Also for had a better price than other options!,True
B004RMK5QG,PlayStation Plus: 12 Month Membership [Digital Code],5.0,0.625,As you would expect,Worked great,True
B004RMK5QG,PlayStation Plus: 12 Month Membership [Digital Code],2.0,0.391,Games offered suck,The games you are able to download are not good. Not what I expected but if you dont mind obscure games you might enjoy it,True
B004RMK5QG,PlayStation Plus: 12 Month Membership [Digital Code],5.0,0.178,Five Stars,Code worked and I was pleased. No hassles,True
B004RMK5QG,PlayStation Plus: 12 Month Membership [Digital Code],5.0,0.975,Great!,My boys love this:)  Very happy with gift.  The code works as specified...all good with membership and a good value when compared to the monthly membership cost.,True
B004RMK5QG,PlayStation Plus: 12 Month Membership [Digital Code],5.0,0.844,Great buy,Quick buy. Code is immediately available to use once purchased. Makes kids very happy.,True
B004RMK5QG,PlayStation Plus: 12 Month Membership [Digital Code],5.0,0.836,Nice for a gift.,Pretty straightforward.,True
B004RMK5QG,PlayStation Plus: 12 Month Membership [Digital Code],5.0,0.527,Works,Worked fine. Got it for a deal around the holidays.,True
B004RMK5QG,PlayStation Plus: 12 Month Membership [Digital Code],5.0,-0.255,Sweet!,Whats not to  love??,True
B004RMK5QG,PlayStation Plus: 12 Month Membership [Digital Code],5.0,-0.359,It worked!,No issues with this,True
B004RMK5QG,PlayStation Plus: 12 Month Membership [Digital Code],5.0,0.0,as described,as described,True
B004RMK5QG,PlayStation Plus: 12 Month Membership [Digital Code],5.0,0.637,Works and it's legit,"Worked like a charm. After I got my code, put it in, and bam. 12 month sub.",True
B004RMK5QG,PlayStation Plus: 12 Month Membership [Digital Code],4.0,0.0,Four Stars,Christmas present,True
B004RMK5QG,PlayStation Plus: 12 Month Membership [Digital Code],5.0,0.402,Five Stars,Bought this on sale $30.00.  Wish I had bought couple more.,True
B004RMK5QG,PlayStation Plus: 12 Month Membership [Digital Code],5.0,0.0,Does what it is supposed to do,Buy it wait for the email and wait about 10 more minutes and enter your code.,True
B004RMK5QG,PlayStation Plus: 12 Month Membership [Digital Code],5.0,0.708,Just what we needed!,"We had been paying for the membership quarterly. When I found this deal on Amazon (it was at a ridiculous price at the time) I was floored at how much money I could save for that year.  One thing I didn't know though, and learned AFTER the sale, was that you could buy multiple years on this deal.  Will surely do that next time!",True
B004RMK5QG,PlayStation Plus: 12 Month Membership [Digital Code],5.0,0.0,Worked as it should,Worked as it should,True
B004RMK5QG,PlayStation Plus: 12 Month Membership [Digital Code],5.0,0.981,Great value,this PlayStation Plus membership is one of the best values I have run across in years. Every Black Friday Sony discounts it at least 25% so it makes renewal for my son very simple. He gets to play online as a reward for good behavior and good grades. He also gets free games each month with membership.,True
B004RMK5QG,PlayStation Plus: 12 Month Membership [Digital Code],5.0,0.791,Great deal....,Easy as can be.,True
B004RMK5QG,PlayStation Plus: 12 Month Membership [Digital Code],5.0,0.586,The best way to get PSN Plus,The code was email a few seconds after the purchase and redeemed w/o problems.,True
B004RMK5QG,PlayStation Plus: 12 Month Membership [Digital Code],1.0,0.727,"Total rip off. Sony raised the price, promised better quality games because of that, and still gives us indie garbage.",PS PLUS is a rip off. Crappy free games no one wants and HAVE to have it to play on line. I miss the days of the PS4. Screw sony for nickel and diming gamers. I only bought this cause I got a bunch of games on black friday and having it saved me a ton of money on those games.,True
B004RMK5QG,PlayStation Plus: 12 Month Membership [Digital Code],5.0,0.7,convenient,easy to gift to another,True
B07K3KHFSY,Nyko Charge Base - 2 Port Controller Charger with 2 USB Charge Adapters for PlayStation 3,1.0,-0.902,Not worth it,Very touchy. Doesn't charge with ease. Have to mess with it and hold it in place until it charges each control. God forbid you accidentally bump the thing. Disappointed,True
B07K3KHFSY,Nyko Charge Base - 2 Port Controller Charger with 2 USB Charge Adapters for PlayStation 3,4.0,0.649,Worked well for many years; time to buy another one,I bought one of these chargers in 2011 for my Xbox 360 and it has charged the controllers well up until this week. I'd say that it is a good investment if you still have an older Xbox system.,False
B07K3KHFSY,Nyko Charge Base - 2 Port Controller Charger with 2 USB Charge Adapters for PlayStation 3,5.0,0.827,Great charger,Works well. Very convenient to do away with cords. I like the charge indicator lights also.,True
B07K3KHFSY,Nyko Charge Base - 2 Port Controller Charger with 2 USB Charge Adapters for PlayStation 3,5.0,0.95,Excellent base. I have 2 and they both have ...,Excellent base. I have 2 and they both have been working great and for several months so far! Very useful!!,True
B07K3KHFSY,Nyko Charge Base - 2 Port Controller Charger with 2 USB Charge Adapters for PlayStation 3,5.0,0.902,Works great,"Works great, provides long charge of controller, and light indicator on charging base is helpful. Convenient and even provides a stand to store the controllers overnight while charging. Zero complaints. Highly recommend.",True
B07K3KHFSY,Nyko Charge Base - 2 Port Controller Charger with 2 USB Charge Adapters for PlayStation 3,5.0,0.962,These are easy to install and make charging the controllers simple,"These are easy to install and make charging the controllers simple.  I would definitely recommend if you use your 360 a lot and want to stop buying batteries.  I love the fact that controller plugs right into the charging unit.  I have seen others where you have to take the battery pack off to charge it and it's less convenient.  This one solves that.  You plug the controller into the base unit and walk away.  Very simple, very easy to use, the batteries last quite a while.  This is a definite upgrade!",True
B07K3KHFSY,Nyko Charge Base - 2 Port Controller Charger with 2 USB Charge Adapters for PlayStation 3,1.0,-0.844,Sucks!,"Sucks.  Half the time, it doesn't charge.  Can't charge in the controller as pictured.  Have to charge the packs alone & have to rubberband them down on to the charger.<br />Such a waste.",True
B07K3KHFSY,Nyko Charge Base - 2 Port Controller Charger with 2 USB Charge Adapters for PlayStation 3,5.0,0.957,Great Invent!,"This was an awesome 3rd party invent for the Xbox!  Used it for several years with my 360, and never needed to change the batteries, due to charge failure because it stops charging, when the battery is full, instead of over charging it.  Also keeps the controllers in one place, sturdy, and looks nice.  Also has a nice long power cord on it so you have wiggle room to place it where you like.  The front USB port came in real handy for me, for phone charging too.  I just bought another one for my Xbox One.  Would have been nice if Xbox kept the same controller design between systems so people didn't have to re-purchase EVERYTHING!",True
B07K3KHFSY,Nyko Charge Base - 2 Port Controller Charger with 2 USB Charge Adapters for PlayStation 3,5.0,0.948,Good Invent!,"This was an awesome 3rd party invent for the Xbox!  Used it for several years with my 360, and never needed to change the batteries, due to charge failure because it stops charging, when the battery is full, instead of over charging it.  Also keeps the controllers in one place, sturdy, and looks nice.  Also has a nice long power cord on it so you have wiggle room to place it where you like.  The front USB port came in real handy for me, for phone charging too.  Looking forward to my 2nd one for the Xbox One.  Would have been nice if Xbox kept the same controller design for the Xbox One so people didn't have to re-purchase EVERYTHING!",False
B07K3KHFSY,Nyko Charge Base - 2 Port Controller Charger with 2 USB Charge Adapters for PlayStation 3,5.0,0.0,Five Stars,A must have!,True
B07K3KHFSY,Nyko Charge Base - 2 Port Controller Charger with 2 USB Charge Adapters for PlayStation 3,5.0,0.904,Best PS4 charger,Awesome charger.  Easy to throw the controllers on to the charger.  They just lay in the cradle and make contact and start charging.,True
B07K3KHFSY,Nyko Charge Base - 2 Port Controller Charger with 2 USB Charge Adapters for PlayStation 3,5.0,0.872,Great product!,Works great and charges the controllers like it’s suppose to.,True
B07K3KHFSY,Nyko Charge Base - 2 Port Controller Charger with 2 USB Charge Adapters for PlayStation 3,5.0,0.273,Controller charging,Product is my second unit.  They work well for charging Xbox controllers quality built,True
B07K3KHFSY,Nyko Charge Base - 2 Port Controller Charger with 2 USB Charge Adapters for PlayStation 3,5.0,-0.663,Xbox 360  controllers dual rapid charger.,This thing works great it not only charges one unit but two units at the same time. It goes from a dead battery after three days of playing on and off two fully charged in under an hour. It is fast and convenient.,True
B07K3KHFSY,Nyko Charge Base - 2 Port Controller Charger with 2 USB Charge Adapters for PlayStation 3,5.0,0.921,AWESOME! Had my xbox for 2 weeks and the ...,"AWESOME!  Had my xbox for 2 weeks and the thing was eating up a set of AA batteries every other day!  Bought a cheaper set of rechargable batteries only to find they were so poorly made only one of the two would charge, and you had to remove the batteries from the controller to charge them.  FAIL.  Before getting this xbox I had a 360 for 10 years, and had a Nyko charger for those controllers.  The charger and batteries were still working GREAT when I traded off the 360 for the One.  And the Nyko rechargables last WAY LONGER in the xbox One controllers than the off brand did.",True
B07K3KHFSY,Nyko Charge Base - 2 Port Controller Charger with 2 USB Charge Adapters for PlayStation 3,5.0,0.715,"I never see them in the charger, must be like the bunny",My kids play the Xbox all the time and I hardly see the controllers in the charger and they have never complained of the controllers being dead. They must be holding a great charge as far as I can tell,True
B07K3KHFSY,Nyko Charge Base - 2 Port Controller Charger with 2 USB Charge Adapters for PlayStation 3,4.0,0.55,A great solution for a system that still has life left in it,"While I don't game as much as most, I use my controllers enough to make alkaline batteries wasteful and expensive and swapping AA NiMH batteries out of the controller and into the charger and back a hassle.  I've used the MS Charge and Play kit with mixed results and wanted more.<br /><br />This largely delivers.  The Nyko batteries have enough juice left in them (not sure if there are old new stock or fresh cells) to last plenty of time, and the base makes keeping them charged a breeze.<br /><br />The only complaint (and cause for losing a star) is the spotty indicator lights.  Depending on how well charged the batteries are, you may not see any acknowledgement of what the status is.  There's supposed to be a color coded LED indicator, but it seems to work intermittently.  Despite this it does charge as you'd expect.",True
B07K3KHFSY,Nyko Charge Base - 2 Port Controller Charger with 2 USB Charge Adapters for PlayStation 3,1.0,0.838,quit working correctly in less than a week.,"This looked like it was going to be a good solution to keep my ps4 controllers topped off between sessions of Destiny.  I bought it and it worked as expected for like 4-5 days, then one of the dongles quit working unless you held it just so, but then a day or so later quit entirely.  I returned it and bought a different one that uses a click down mechanism and the EXT port that works much better",True
B07K3KHFSY,Nyko Charge Base - 2 Port Controller Charger with 2 USB Charge Adapters for PlayStation 3,2.0,0.588,Not worth retail.,"I've used Nyko for just about every platform but this product for the XBOX One was not very consistent or reliable in the charging function and the subsequent level of charge it would deliver. I returned this for the Energizer 2X Charging System for XBOX One and what a world of different in operation and overall quality. Maybe I got a bum unit, but it all worked out in the end.",True
B07K3KHFSY,Nyko Charge Base - 2 Port Controller Charger with 2 USB Charge Adapters for PlayStation 3,4.0,0.785,Very good charger!! Fast and efficient.,"My husband loves this charge base! The controllers charge quickly and he's had no issues with it so far. It's easy to use as the controllers just sit right inside the base.<br /><br />The only thing he doesn't like is that you have to have the entire controller in the base in order for it to charge. He used to have another one where you could just sit the batter pack on the charger, and it would charge. Then he could still use the controller with another battery pack. Unfortunately, this one does not work like that.",True
B07K3KHFSY,Nyko Charge Base - 2 Port Controller Charger with 2 USB Charge Adapters for PlayStation 3,5.0,0.872,Five Stars,I love having a charger that works! Thank you for a good product.,True
B07K3KHFSY,Nyko Charge Base - 2 Port Controller Charger with 2 USB Charge Adapters for PlayStation 3,5.0,-0.659,Worth the purchase.,No complaints! Charges fast and holds a charge for at least 5 days with constant usage of 2 people back to back on just 1 controller.,True
B07K3KHFSY,Nyko Charge Base - 2 Port Controller Charger with 2 USB Charge Adapters for PlayStation 3,5.0,0.973,Best charging station I've ever owned,"Best charging station I've ever owned. You insert a small dongle into the micro usb plug on your controller ( you won't even know it's there!) and rest it in the cradle, it's that simple and since this unit comes with a wall plug you won't even have to use one of your two precious (my precioooous!) usb plugs on the PS4. Great price for an equally great charge base!",True
B07K3KHFSY,Nyko Charge Base - 2 Port Controller Charger with 2 USB Charge Adapters for PlayStation 3,5.0,0.888,Exactly what I was looking for,Works great keeping my controllers constantly charged and ready to go.  Super easy to just drop them in the charging station when done.,True
B07K3KHFSY,Nyko Charge Base - 2 Port Controller Charger with 2 USB Charge Adapters for PlayStation 3,2.0,0.401,Two Stars,doesn't connect and charge them very easily,True
B07K3KHFSY,Nyko Charge Base - 2 Port Controller Charger with 2 USB Charge Adapters for PlayStation 3,4.0,0.0,Four Stars,works as described,True
B07K3KHFSY,Nyko Charge Base - 2 Port Controller Charger with 2 USB Charge Adapters for PlayStation 3,5.0,0.703,Works well,Works well and doesn't damage batteries,True
B07K3KHFSY,Nyko Charge Base - 2 Port Controller Charger with 2 USB Charge Adapters for PlayStation 3,2.0,-0.824,Batteries die very quickly,"They work okay, but the batteries die after just a few hours use! I don't know if they're just crappie batteries, or if the base isn't charging them fully. Might try to get an exchange, but we threw away the box since we had two of the the same charging stations for the 360.",True
B07K3KHFSY,Nyko Charge Base - 2 Port Controller Charger with 2 USB Charge Adapters for PlayStation 3,5.0,-0.294,No more AA batteries!,I've had this almost a year now and no problems with it. They charge quickly and hold a charge for a long time. Love having a set place for the controllers to go.,True
B07K3KHFSY,Nyko Charge Base - 2 Port Controller Charger with 2 USB Charge Adapters for PlayStation 3,5.0,0.904,Great charging station,It works very well and has a good design.  The price was reasonable also.  I would highly recommend this charger.,True
B07K3KHFSY,Nyko Charge Base - 2 Port Controller Charger with 2 USB Charge Adapters for PlayStation 3,3.0,-0.428,Review based on other reviews,"I have not yet purchased this item but I intend to do so. That said, after reading many of the reviews, there seems to be a fundemental flaw with this device that needs serious attention. Almost every single negative review talks about the battery placement and the cover. If a product has been designed correctly, there should never be so many complaints about a specific part of the device. I reallize there are instructions that explain how to incert the batteries but if Nyko has gone so far as to post a YouTube video in order to explain in greater detail, I have to surmise that although the product works great, battery placement is confusing for the majority of people and possibly dangerous. Nyko should correct this product to be more clear out of the box. Again, my opinion is based solely on the reviews I have read of this product. After I purchase my own, I will update my rating accordingly.",False
B07K3KHFSY,Nyko Charge Base - 2 Port Controller Charger with 2 USB Charge Adapters for PlayStation 3,5.0,0.905,Excellent charging station,"GREAT PRODUCT. My controllers are always charged and ready to go whenever im ready to play. and when the battery gets low, this charging station gets it charged up quickly.",True
B07K3KHFSY,Nyko Charge Base - 2 Port Controller Charger with 2 USB Charge Adapters for PlayStation 3,2.0,-0.168,crap,"This charger only works with their batteries and only part of the time does it even do that!  NOT worth the money, look for a better option.",True
B07K3KHFSY,Nyko Charge Base - 2 Port Controller Charger with 2 USB Charge Adapters for PlayStation 3,5.0,0.625,Five Stars,Works great,True
B07K3KHFSY,Nyko Charge Base - 2 Port Controller Charger with 2 USB Charge Adapters for PlayStation 3,5.0,0.985,High Quality and Easy to Use,"This was purchased to replace a [[ASIN:B000EYF88G Xbox 360 Quick Charge Kit]] that we purchased with our [[ASIN:B000W91YTA Xbox 360 Pro Value Bundle [Old Version]]] in 2008. Compared to the older model, this is definitely an upgrade.<br /><br />The manufacturer sent two NiMH rechargeable batteries that were partially charged. I like that they were partially charged because they arrived the same day our new  [[ASIN:B00IFHTMQI Xbox 360 Limited Edition Chrome Series Wireless Controller - Black]] controllers and I wanted to test those out! Putting the battery onto the controller is really easy, simply slip it onto the back of the controller where you would normally install the battery pack with AA batteries.<br /><br />After testing the controllers, we charged them.<br /><br />The charging dock can be plugged into an outlet or into a USB port, we have it plugged into the wall. Charging the controllers with this unit is super simple too. All you do is place the controller into the recharging dock and an LED light comes on to indicate the battery level. Red is low, yellow is partially charged, and green indicated that the controller is ready to play! I really like that we don’t have to remove the batteries like we did in our old charger and that we can charge them both at the same time. The charger arrived on a Thursday night, so we allowed the controllers to fully charge overnight.<br /><br />The manufacturer states that the batteries will be able to provide up to twenty-five hours of play time on a full charge. We decided to test that over the weekend. My husband and I played for at least a week without having to charge and that included many hours over a weekend and a couple hours per night during the week.<br /><br />Overall, we are very happy with the purchase of this charging unit for our Xbox 360 and would recommend it to anyone who was looking for a high quality, easy to use, removable battery charger for their wireless controllers.",True
B07K3KHFSY,Nyko Charge Base - 2 Port Controller Charger with 2 USB Charge Adapters for PlayStation 3,5.0,0.625,Five Stars,works great,True
B07K3KHFSY,Nyko Charge Base - 2 Port Controller Charger with 2 USB Charge Adapters for PlayStation 3,4.0,0.925,This works great to charge my PS4 remotes but I'm not real ...,This works great to charge my PS4 remotes but I'm not real impressed with the dongle it feels like i could rip it off. Overall I am very pleased with how it works.,True
B07K3KHFSY,Nyko Charge Base - 2 Port Controller Charger with 2 USB Charge Adapters for PlayStation 3,4.0,0.969,"So far, so good.","This Nyko charge base for Xbox One is doing a great job so far. I've had my 360 Nyko charge base for 4 years and it's still going strong. I'm hoping the Xbox One version will have the same longevity.<br /><br />The base itself is sturdy and well made. I do have some concern with the ease of putting the rechargeable batteries in the controller. I worried it might break. The thin plastic back was not as sturdy, when compared with the 360 version.<br /><br />I'm satisfied with this purchase overall and hoping the base will last as long as the 360 base.",True
B07K3KHFSY,Nyko Charge Base - 2 Port Controller Charger with 2 USB Charge Adapters for PlayStation 3,3.0,0.924,Original vs 1 month later review.,"Great product. The actual charger itself is cheaper feeling than the 360 version used to be, but it works. I'm not sure why so many have issues putting the batteries in, the battery pack itself clearly states which direction to have the batteries in when you insert it. Only part that I could see confusing would be that the left side of the battery (when viewing it right side up to insert), the tab side needs to be inserted first or you would have to fight it. The battery won't fit upside down at all, which is probably where people are having problems. The cover snaps right on and both batteries worked in my controllers out of the box. When seating the controllers, they don't just fall onto the 3 electrical connections, you sort of have to either be eyeballing the controller to see that its level, or just be watching the remote icon on the front light up when it has made the connection. Not a major drawback, but compared to the 360 where I could just drop it in and it would slide home, it is a slight design flaw.<br /><br />As for battery life, I will edit this in a few weeks after my winter break as to how well they hold up to hours of use/ average battery life. As is, I definitely recommend them.<br /><br />As another note, it does use a wall charger, so be sure you have another :( open outlet spot. Additionally, whether you used it or not on the 360, the version for the One no longer has a front USB plug in. I loved having this on the 360 charger, but if you didn't use it on that one, you won't miss it here.<br />________________________________________________________________________________________________________________________________________________________________<br />***1 month after owning and using extensively over holiday break***<br /><br />Definitely be cautious of buying this if you plan any extensive gaming sessions. You're lucky to get 8 hours out of one battery fully charged. While this might be expected given it is not a lithium battery, it is just unfortunate to get such short life out of a product. For short spurts and casual gaming, no reason to not purchase this product. However, if you plan to have even the occasional longer gaming session you might want an alternative. Nyko does make a plug and play product, however, you have to have those separate batteries which would not work with this station... Also, my headset plugs directly into my TV/Xbox for power, however if you have a headset which uses your remotes power, I would expect far less hours of play than even 8. I have already ordered one of the Microsoft plug/play lithium batteries to put into one of my two controllers for my longer sessions, and will save my second Nyko battery as a backup for the other. Hope this helps anyone as there aren't a lot of long term reviews.<br /><br />For those wondering, my change of rating has nothing to do with installing the Nyko batteries..I have no understanding of why that is confusing to so many of the other reviewers to install.",True
B07K3KHFSY,Nyko Charge Base - 2 Port Controller Charger with 2 USB Charge Adapters for PlayStation 3,5.0,0.875,Works great,I was iffy buying a knockoff charger however this has proven to be worthwhile.  I normally only buy energizer remote chargers however they are no longer in production for 360. This is the second best choice.  As for how long they last I can't tell you.  My 4yo only plays for about an hour on Lego batman or star wars then is off to something else.,True
B07K3KHFSY,Nyko Charge Base - 2 Port Controller Charger with 2 USB Charge Adapters for PlayStation 3,5.0,-0.336,Bye Bye batteries,"Works as described and couldn't be happier. No more having to fiddle with AA batteries as the rechargeable battery pack has plenty of hours of continuous play or leaving in on stand-by undocked. If you want to waste your money on batteries, don't buy this, however, if you want to have long hours of playing time in conjunction with the no more messing with AA batteries, this is a must BUY.!.",True
B07K3KHFSY,Nyko Charge Base - 2 Port Controller Charger with 2 USB Charge Adapters for PlayStation 3,1.0,-0.769,Poorly Designed,"The dongles do not fit into the controllers. The angle is wrong and will not properly fit.<br />Had to take a pair of pliers to correct the angle. They work fine for now for charging, but it was a pain to figure out to correct the issue with the manufacturing of this product.",True
B07K3KHFSY,Nyko Charge Base - 2 Port Controller Charger with 2 USB Charge Adapters for PlayStation 3,2.0,-0.716,Kind of works but could be better,"The controllers don't easily fit into the slots. When they are connected, sometimes the controllers stop charging for no reason. Other times the charging light is green even though the controller needs more charge. Eventually, the battery does charge so at least it kind of works.",True
B07K3KHFSY,Nyko Charge Base - 2 Port Controller Charger with 2 USB Charge Adapters for PlayStation 3,5.0,0.902,"great item, would do business with again","As Described, great item, would do business with again. Thanks",True
B07K3KHFSY,Nyko Charge Base - 2 Port Controller Charger with 2 USB Charge Adapters for PlayStation 3,5.0,0.962,Xbox 360 AND my Xbox one and within a few months they were all blinking and not charging the remotes like they should have been,"I have bought Energizer chargers before for my Wii, Xbox 360 AND my Xbox one and within a few months they were all blinking and not charging the remotes like they should have been. I bought a Nyko charger for my Xbox 360 and it worked like a charm so when the Xbox one charger from energizer started the blinking I automatically came online and ordered a Nyko charger. I will only ever buy Nyko chargers for now on. They seem to be the best ones for the price.",True
B07K3KHFSY,Nyko Charge Base - 2 Port Controller Charger with 2 USB Charge Adapters for PlayStation 3,5.0,0.637,Five Stars,Grandson love it,True
B07K3KHFSY,Nyko Charge Base - 2 Port Controller Charger with 2 USB Charge Adapters for PlayStation 3,1.0,0.0,batteries don't hold a charge after about a month,lasted just over a month.. batteries don't hold a charge any more,True
B07K3KHFSY,Nyko Charge Base - 2 Port Controller Charger with 2 USB Charge Adapters for PlayStation 3,1.0,-0.542,Pins Fail,Pins do not align up properly and over time you will be in my shoes... Looking for a new dual charging station or using a USB port.,True
B07K3KHFSY,Nyko Charge Base - 2 Port Controller Charger with 2 USB Charge Adapters for PlayStation 3,5.0,0.897,Nyko charging bases rule!,"Nyko bases are the best! This one comes with a little bridge that clips unobtrusively to the controller, then the controller just drops into the cradle, no futzing around trying to get it to plug into a tiny usb port as you have with the energizer product I tried. Have had the same brand for my Xbox 360 controller for years, and I love it too...",True
B07K3KHFSY,Nyko Charge Base - 2 Port Controller Charger with 2 USB Charge Adapters for PlayStation 3,5.0,0.488,Life saver!!,"I have 2 young children that are constantly running by the Xbox while using the wire controller. I was always in a panic that one of them would trip on the cord and send the Xbox into the air. This new wireless charger and controller has changed my life. Peace of mind when anyone is gaming and a perfect place to drop the controllers once finished. They charge quick! And once it's charged it turns off, no need to worry about it overheating!  Great product!!",True
B00DB2BI8M,Rocksmith 2014 Edition - PC/Mac (Cable Included),5.0,0.95,Great value for fun learning.,My son loves it! Glad we got it for him for Christmas. Would buy it for him again. Seems eaxy to use.,True
B00DB2BI8M,Rocksmith 2014 Edition - PC/Mac (Cable Included),5.0,0.368,FYI,Sometimes its just cheaper to buy the game to obtain a second cord.,True
B00DB2BI8M,Rocksmith 2014 Edition - PC/Mac (Cable Included),5.0,0.493,JUST WHAT I WANTED,This item was out of stock and more expensive on other websites. This is just what I wanted and this was the cheapest price and in stock. Just a good buy!,True
B00DB2BI8M,Rocksmith 2014 Edition - PC/Mac (Cable Included),5.0,0.912,Yummy,Thank you :) im happy. You can activate the code in Steam btw. For those of you that dont have a DVD reader.,True
B00DB2BI8M,Rocksmith 2014 Edition - PC/Mac (Cable Included),5.0,0.317,Love it,Bought this for my son but now I'm addicted.  Never thought of playing guitar before. My finger tips are going numb.<br />La-la-la-LOVE IT!!,True
B00DB2BI8M,Rocksmith 2014 Edition - PC/Mac (Cable Included),3.0,0.314,It is a fun program but I do not recommend it for learning ...,It is a fun program but I do not recommend it for learning the guitar. It seem like more of a game than an educational tool. The song selection is extremely limited so you may be disappointed if you are simply wanting to learn popular songs.,True
B00DB2BI8M,Rocksmith 2014 Edition - PC/Mac (Cable Included),5.0,0.932,great gift,great gift for guitar-playing father trying to get back into it,True
B00DB2BI8M,Rocksmith 2014 Edition - PC/Mac (Cable Included),5.0,0.921,Great way to get back into playing guitar,Great way to practice and improve at guitar!,True
B00DB2BI8M,Rocksmith 2014 Edition - PC/Mac (Cable Included),5.0,0.192,For anyone with or without skills,I got this for my daughter who decided to learn guitar because it's cool. After hearing the same 3 chords over and over and over to the point I wanted to take the guitar and smash it against the floor to resolve the misery I was being put through...my child is not a natural born talent like my family thought she'd be...but with this game she's learning more chords and the songs are coming along with success... I recommend this to anyone who wants to learn.,True
B00DB2BI8M,Rocksmith 2014 Edition - PC/Mac (Cable Included),5.0,0.985,Love it!,I got this for my hubby for a Christmas gift he wanted this since he saw it advertised on tv. It got her on time 2 weeks before the holidays and as much as I hate my hubby playing games all the time this is so much fun I joined in the perfect gift love love love it! So many different things to do and learning is so much Easter even or 7 year old is into it and learning!,True
B00DB2BI8M,Rocksmith 2014 Edition - PC/Mac (Cable Included),5.0,0.77,DO NOT BUY THE DISC!!!,"I’m having a lot of fun with this game and it’s helping me a lot.  DO NOT BUY THE DISC!! I had purchased songs that I wanted to learn such as “Every Rose Has A Thorn” and it wouldn’t show up on the disc.  I ended spending another $20 to buy the game online and then my purchased songs added to it, amongst so many other songs such as Michael Jackson.<br /><br />You don’t need the disc, purchase the game on the online store and just buy the wire adapter.",True
B00DB2BI8M,Rocksmith 2014 Edition - PC/Mac (Cable Included),1.0,0.0,Won't work.,We've tried to get it to work on Mac and PC but it won't.  We've tried to get it to work so long it's too late to return for refund. Dissapointed..,True
B00DB2BI8M,Rocksmith 2014 Edition - PC/Mac (Cable Included),1.0,0.937,Couldn't get past the tuning portion,"I was really excited to sit down and play this game to learn the guitar. I bought a guitar a few years back and was teaching myself to play. I got to the point where I could play some chords and strum along to a few songs, but it wasn't what I wanted. I got stuck trying to learn strumming patterns and got really stuck trying to learn playing melodies of songs. So I packed up my guitar. Three years later I finally got this game and was really excited to pick up my guitar again and try to learn a little more.<br /><br />I didn't even get to play the game. I was in the beginning of the game answering all the questions it asks you at the start and the I got to the tuning. Now, I've played other instruments for many years so I know what tuning is and how it works, but for the life of me I could not get the game to recognize that my guitar strings were in tune. I spent about an hour on just the tuning portion and could not advance any further. I was really hoping there would be some sort of skip button or something where I could tune the guitar myself and then just skip to playing the game, but there was no way around it and I couldn't advance any further into the game at all.<br /><br />One of these days I will pick it up again and see if I can get it to work. If I am able to get it working I will come back and edit my review.",False
B00DB2BI8M,Rocksmith 2014 Edition - PC/Mac (Cable Included),3.0,-0.906,"Pretty awesome, but with some issues","Amazing product, but I’ve had many frustrations. However, I can’t say with certainty if some of these issues are the game or the Xbox One.<br /><br />1) trouble with manual adjustments to difficulty (moving it down, then having it switch from the low difficulty to the most difficult on the riff repeater!)<br /><br />2) purchases/downloads go missing. I have a 1 TB Xbox One. I should only need to download something once!<br /><br />3) Game freezes and will return to frozen screen even after resetting the console.",True
B00DB2BI8M,Rocksmith 2014 Edition - PC/Mac (Cable Included),1.0,-0.649,Bad actors have access to platform,"To many ransomware screens after install.  Also, strange email.  This discontinued after I uninstalled.<br />The training portion of program has potential.",True
B00DB2BI8M,Rocksmith 2014 Edition - PC/Mac (Cable Included),4.0,0.972,"Great game, poor online experience","I'm conflicted about how many stars I should give this game. As for the game itself, we love it! My two oldest boys and I have been playing it almost every day since we got it. We even bought an inexpensive bass guitar and another cable so we can play two-player. The game is a lot of fun and I do think it can teach you many of the basics of playing guitar and develop some of the 'mechanics' of playing. Playing the songs is, of course, fun (and it doesn't force you to play songs you don't want to), but the 'arcade' games are fun and helpful, too, teaching the fretboard, chords, and scales.<br /><br />The only downside is the connection to the Ubisoft servers. It worked flawlessly for the first few days we had it, but we've been unable to connect to the servers for many days in a row now. I've just spent a few frustrating hours last night and this morning trying to figure out the problem and have not been able to. Ubisoft support, while prompt, has been less than helpful. There are two reasons you'd want to connect to the servers, to use their Uplay service to track progress and to purchase new songs to learn. Fortunately, you can apparently buy songs through the XBOX Live store as well, which is what I was looking for. I don't care so much about the online tracking of my progress...<br /><br />So, 5 stars (easy) for the game, drop one star (and maybe more) for the issues with connectivity and support.",True
B00DB2BI8M,Rocksmith 2014 Edition - PC/Mac (Cable Included),5.0,0.333,I AM getting better with this for sure!,"I've had guitar lessons, but felt bored playing crappy sheet music provided for lessons and didn't really feel like I was progressing fast enough.  This is a much more engaging way to learn to play.  This approach makes you feel like you're making music even when you're at the beginner level playing along with the much more simplified version of a song until you get gain enough skills to  automatically level up along the way.  Can't recommend it highly enough.",True
B00DB2BI8M,Rocksmith 2014 Edition - PC/Mac (Cable Included),5.0,0.902,Works like a charm,Bought this for my husband as a birthday gift (his request).  He loves it!  Meets all his expectations and more.  Delivery was fast.,True
B00DB2BI8M,Rocksmith 2014 Edition - PC/Mac (Cable Included),3.0,-0.264,Windows 8 troubles,Works much better on Windows Vista.  On Windows 8 it really does not load correctly.  It is only full screen without the ability to reduce the screen size.,True
B00DB2BI8M,Rocksmith 2014 Edition - PC/Mac (Cable Included),5.0,0.945,Great Game,"I now have blisters and or calloused fingertips.  Great learning tool, this games make playing fun and easy.  Very instructive.",True
B00DB2BI8M,Rocksmith 2014 Edition - PC/Mac (Cable Included),5.0,0.984,This game is a great way for beginners to learn to play guitar,"This game is a great way for beginners to learn to play guitar. The songs that come standard are great and there is more to download, The mini-games are awesome and help a lot with technique. Even my boyfriend who has been playing most of his life still finds the program fun to play.",True
B00DB2BI8M,Rocksmith 2014 Edition - PC/Mac (Cable Included),5.0,0.751,Chord included,Great program and chord is included. Not set up for 5 string bass. Only 4. If you use an acoustic guitar make sure you have a mic. Its not included.,False
B00DB2BI8M,Rocksmith 2014 Edition - PC/Mac (Cable Included),4.0,0.743,love it,only gave it 4 stars because the tuner can sometimes be annoying other than that it's amazing since I can port all the previous games to this one too,True
B00DB2BI8M,Rocksmith 2014 Edition - PC/Mac (Cable Included),1.0,-0.703,"Xbox One, try at your own risk!!!!!!!!","Horrible sound lag makes this game unplayable on my Xbox one.  I'm pretty good with electronics and audio equipment and I followed the setup recommendations and could not get rid of the awful sound lag.  Optical audio cables (Xbox to amp connection) did not work.  Digital to analog converter (Xbox to converter to amp) did not work.  I even tried routing the audio to three different amplifiers and two different TV's (various combinations) and still had lag.  I can not recommend the Xbox One version to anyone. Perhaps both of my TV's are not compatible so try at your own risk.  I returned this version and purchased the PC version (running on Windows 10) and the lag is non existent.  Love the game on the PC.  Ubi needs to address this issue, it is totally unacceptable.  Wish it worked on the Xbox, but oh well...",True
B00DB2BI8M,Rocksmith 2014 Edition - PC/Mac (Cable Included),5.0,0.869,Five Stars,"Great learning tool and if you already know how to play, it's makes practice fun",True
B00DB2BI8M,Rocksmith 2014 Edition - PC/Mac (Cable Included),5.0,0.851,Five Stars,Bought it for my husband and he loved it!  amazing product! user friendly....,True
B00DB2BI8M,Rocksmith 2014 Edition - PC/Mac (Cable Included),5.0,0.353,Rocksmith 2014,"she learned in no time at all! she doesn't even use the game anymore, my baby has so much talent!",True
B00DB2BI8M,Rocksmith 2014 Edition - PC/Mac (Cable Included),1.0,0.474,Rocksmith 2014 Edition - PC/Mac (Cable Included),It overheats a brand new computer every time I try to use it! I got far enough to tune my guitar before it &#34;CRASHES MY COMPUTER AND TURNS OFF! &#34; So do you think I like it?,True
B00DB2BI8M,Rocksmith 2014 Edition - PC/Mac (Cable Included),5.0,0.999,Pure Bliss For An Intimidated Noob,"My 10 year old son and 39 year old self are having a blast with this game. Neither of us has ever played a &#34;real&#34; guitar before. We have played guitar hero, but there is just one strum bar and five buttons for frets on those guitars. For Rocksmith we have a 6 string guitar with 22 frets. That was (and still is) extremely intimidating to us.<br /><br />First thing I had to do was tune my guitar. Rocksmith walked me through it and checked the tones for me (good thing for a tone deaf guy). The cool thing (for me at least) was that the software knew the problem before I did. If I hit the wrong string, it knew and told me to check which string I hit.<br /><br />So I went through about 5 tutorials and tried to 100% them. The tutorials are excellent. It starts easy...if you can't get it, then it slows it down to get you used to moving across the frets and strings in time. For a noob like me, this was great. The game amazed me when it told me exactly what I was doing wrong in the tutorials (ie: wrong string, wrong fret...it knew). After you get through the first test, it does the same riff with more notes and complexities. It allowed me to practice and have a sense of success before it upped the level.<br /><br />You can choose to play lead guitar, rhythm, or bass. You can use your electric guitar for bass, but I have not tried yet. I have only tried lead guitar so far but plan on trying the others.<br /><br />There are 20 or so more lessons to do, but I was interested in trying a song (knowing I would fail). Low and behold, they actually up the level of play on each song as you improve. So the first time through the easier songs was not impossible even for me to achieve some success. I felt like &#34;I can actually do this with some practice&#34;.<br /><br />The part I recently tried was the guitarcade which is awesome. Retro style arcade games that work on your guitar technique. The first game is similar to jet pack joyride, but based solely on how loud you strum the strings and control the volume. The next game is like the old Root Beer Tapper game but you have to hit the right string to &#34;shoot&#34; down the right area. I had trouble with volume and finding strings and these were fantastic ways to practice. It includes high scores, mini achievements, and online rankings. I also tried the slide arcade and a duck shooting game that helps practice slides, frets and strings. There are many more arcade games that I have not tried because I don't know the concept (ie: bending) yet. Some games are more fun than others, but the fun and rewarding way to practice is top notch.<br /><br />The main thing this does not do is teach you to play guitar by reading sheet music. That was not important to me, but worth noting.<br /><br />We try and limit video game play for our kids, but this game is so educational that we bend the rules and let our kids play Rocksmith at times when they normally are not allowed to play games.<br /><br />I highly recommend this game for anyone who wants to learn to play a real guitar for fun. It provides learning, fun, and a sense of accomplishment. It will provide our family many hours of fun time together.",False
B00DB2BI8M,Rocksmith 2014 Edition - PC/Mac (Cable Included),5.0,0.999,Pure bliss for an intimidated noob,"My 10 year old son and 39 year old self are having a blast with this game. Neither of us has ever played a ""real"" guitar before. We have played guitar hero, but there is just one strum bar and five buttons for frets on those guitars. For Rocksmith we have a 6 string guitar with 22 frets. That was (and still is) extremely intimidating to us.<br /><br />First thing I had to do was tune my guitar. Rocksmith walked me through it and checked the tones for me (good thing for a tone deaf guy). The cool thing (for me at least) was that the software knew the problem before I did. If I hit the wrong string, it knew and told me to check which string I hit.<br /><br />So I went through about 5 tutorials and tried to 100% them. The tutorials are excellent. It starts easy...if you can't get it, then it slows it down to get you used to moving across the frets and strings in time. For a noob like me, this was great. The game amazed me when it told me exactly what I was doing wrong in the tutorials (ie: wrong string, wrong fret...it knew). After you get through the first test, it does the same riff with more notes and complexities. It allowed me to practice and have a sense of success before it upped the level.<br /><br />You can choose to play lead guitar, rhythm, or bass. You can use your electric guitar for bass, but I have not tried yet. I have only tried lead guitar so far but plan on trying the others.<br /><br />There are 20 or so more lessons to do, but I was interested in trying a song (knowing I would fail). Low and behold, they actually up the level of play on each song as you improve. So the first time through the easier songs was not impossible even for me to achieve some success. I felt like ""I can actually do this with some practice"".<br /><br />The part I recently tried was the guitarcade which is awesome. Retro style arcade games that work on your guitar technique. The first game is similar to jet pack joyride, but based solely on how loud you strum the strings and control the volume. The next game is like the old Root Beer Tapper game but you have to hit the right string to ""shoot"" down the right area. I had trouble with volume and finding strings and these were fantastic ways to practice. It includes high scores, mini achievements, and online rankings. I also tried the slide arcade and a duck shooting game that helps practice slides, frets and strings. There are many more arcade games that I have not tried because I don't know the concept (ie: bending) yet. Some games are more fun than others, but the fun and rewarding way to practice is top notch.<br /><br />The main thing this does not do is teach you to play guitar by reading sheet music. That was not important to me, but worth noting.<br /><br />We try and limit video game play for our kids, but this game is so educational that we bend the rules and let our kids play Rocksmith at times when they normally are not allowed to play games.<br /><br />I highly recommend this game for anyone who wants to learn to play a real guitar for fun. It provides learning, fun, and a sense of accomplishment. It will provide our family many hours of fun time together.",False
B00DB2BI8M,Rocksmith 2014 Edition - PC/Mac (Cable Included),5.0,0.832,Great,Grandson loves this.,True
B00DB2BI8M,Rocksmith 2014 Edition - PC/Mac (Cable Included),5.0,0.981,Best way for a gamer to learn a talent LOL,"Best way to learn to play guitar, bought this and electric guitar for hubby on x mas, he has an acoustic but he is more of a gamer, we have rockband and he loves that game too but he really wanted to learn a real instrument this does the trick it takes the fun of a video game and lessons of a real guitar and makes learning fun not boring or tedious.  I can really hear the progress especially when he has his turtle beaches on and all you hear is the instrument no back ground music.",True
B00DB2BI8M,Rocksmith 2014 Edition - PC/Mac (Cable Included),2.0,-0.166,Doesn't work with all guitars,"Bassists be warned, this doesn't seem to have very good compatibility with basses. The mini games are all but worthless since the game doesn't know what to listen for. Games requiring you to shoot a duck by playing the correct fret are made impossible due to the fact that the game doesn't know what fret you're playing. This game is worthless unless you win the lottery in picking your bass guitar. Buyer beware.",True
B00DB2BI8M,Rocksmith 2014 Edition - PC/Mac (Cable Included),2.0,0.402,Didn't work for me,"Didn't work with my guitar.  Never was able to get past the tuner screen.  Tried several times. Seems like a good idea, but poorly executed.",True
B00DB2BI8M,Rocksmith 2014 Edition - PC/Mac (Cable Included),5.0,0.877,Skip lessons use this !!!!,"Love it ! Im older and very impatient... This allows me to stop and come back to my problem areas. It slows lessons down to a snails pace until you master it . Works with my bass, electric guitar, and electric acoustic perfectly. Im not a gamer by no means so if I can do this anyone can ! Recommend times 10!",True
B00DB2BI8M,Rocksmith 2014 Edition - PC/Mac (Cable Included),5.0,0.98,Rocksmith 2014,"My husband, myself, and my two kids have been playing this game.  We actually bought it at the recommendation of one of my husband's friends.  While this isn't a good game for HIM (because he has been playing guitar for over 15 years and is more advanced than the game), it is a GREAT game for us.  The three of us haven't played guitar ever and this goes thru the basics and helps you learn while having fun.  My son has been doing wonderfully with it.  He has been learning without realizing he's learning.  We've only had it since January and he has already played all the songs and is going back thru and trying to up his mastery percentage.  It also has arcade like games that you can play with the guitar that help you learn various lessons, such as sliding, the strings, bends, and chords.  This games have been good for my husband too.  I highly recommend this game for anyone wanting to learn or get better on guitar.",True
B00DB2BI8M,Rocksmith 2014 Edition - PC/Mac (Cable Included),4.0,-0.103,"Appears to be well-designed, and for those who are ...","Appears to be well-designed, and for those who are willing to dedicate the time, it will pay off. The included cabling connects the PS4 to your guitar and you can rock all day and night. Need to use it more though.",True
B00DB2BI8M,Rocksmith 2014 Edition - PC/Mac (Cable Included),5.0,0.983,Great game despite the lag,"Yes, if you plug in the game and play it will lag. The instructions say to use fiber-optic audio out, and adjust your tv settings to Game mode. There's also in-game calibration to help off-set the audio-visual timing in the game, but it does not change the lag in response from the time you strum to the time you hear your guitar.  It's still an awesome game with awesome features, challenges, full songs, and minigames. I like the Auto Level-Up feature which means you can start a song on easy mode, and if you do well enough, it will up the difficulty mid-song.",True
B00DB2BI8M,Rocksmith 2014 Edition - PC/Mac (Cable Included),5.0,0.755,Love it,Got this for my ADD son. Don't have any problem getting him to practice. We are using acoustic guitars. He seems to be picking it up very quickly.,True
B00DB2BI8M,Rocksmith 2014 Edition - PC/Mac (Cable Included),5.0,0.963,Works great so far on a Mac,"So far so good.  I was afraid about the install of the PC/Mac version based on reviews.  I didn't have any issues - the updates took about 2 hours to fully install, but then I was ready to go.  I've got it on a Mac and so far no problems - seems to work as it should.  I had to create a Steam account but opted not to create the Uplay account, which didn't seem to be a problem.  I'm a beginner guitar player and this seems like a fun and effective way to start playing better.",True
B00DB2BI8M,Rocksmith 2014 Edition - PC/Mac (Cable Included),5.0,0.981,Awesome!,"A few years back we had a blast playing all the Guitar Hero games, but this takes it to a whole new level and I it's so much more than a game. I got this for my son, along with an Epiphone Guitar starter pack. He is taking to it really well and making nice progress. We've been having so much fun that I got a bass setup for myself. Now, not only are we having fun playing the game together, but we are actually learning how to play these instruments! I do have one minor complaint, however. I have an older (7 or 8 years) Samsung HD DLP projection television and the fret numbers are getting cut off at the bottom of the display so I can't always make out the suggested fingerings. We also have the PS3 version for my son's LCD set and it works fine with that. I have searched high and low for a way to adjust this like you can in some games, but I haven't had any luck. I guess it may be time for a new flat screen!",True
B00DB2BI8M,Rocksmith 2014 Edition - PC/Mac (Cable Included),5.0,0.981,Awesome!,"A few years back we had a blast playing all the Guitar Hero games, but this takes it to a whole new level and I it's so much more than a game.  I got this for my son, along with an Epiphone Guitar starter pack.  He is taking to it really well and making nice progress.  We've been having so much fun that I got a bass setup for myself.  Now, not only are we having fun playing the game together, but we are actually learning how to play these instruments!  I do have one minor complaint, however.  I have an older (7 or 8 years) Samsung HD DLP projection television and the fret numbers are getting cut off at the bottom of the display so I can't always make out the suggested fingerings.  We also have the Xbox version for my son's LCD set and it works fine with that.  I have searched high and low for a way to adjust this like you can in some games, but I haven't had any luck.  I guess it may be time for a new flat screen!",True
B00DB2BI8M,Rocksmith 2014 Edition - PC/Mac (Cable Included),4.0,0.983,"Great game, does what it's supposed to!","Great game; I'm brand new to playing any instrument. This game helps with learning the basics pretty well however I don't think I can avoid going to a real instructor , as there are just some things that the game doesn't teach; especially for someone who's never heard of what a chord is nor a riff. YouTube is helpful in some regard as an additional resource however I'm still lacking a real instructor whom I can ask specific questions on finger placement, things to avoid in order to prevent bad habits, which initial aspects of playing to focus on more based on my individual progress, etc. That is the reason for 4 stars. The game flows very smoothly, no lag, no hiccups, great sound, graphics, etc. BTW I've been at it for 2 weeks now, at least 5 days a week and for about an hour at a time. There is mention of some kind of 60 day challenge on the game cover, however not sure of the rewards/conditions, etc.<br /><br />One thing yo note, I'm assuming that If I was a bit more familiar with playing guitar, I do strongly believe that this game would definitely take me a great stride further without the use of a real instructor.",True
B00DB2BI8M,Rocksmith 2014 Edition - PC/Mac (Cable Included),3.0,0.955,... experienced lag in the game and I had a terrible time getting the game to accept my fully stock ...,"I wont even discuss technical difficulties except to say that I experienced lag in the game and I had a terrible time getting the game to accept my fully stock fender strat as being in tune, it was nearly perfect because I tuned on my amp before using the game. Had to do a lot of tweaking to settings...very annoying.<br /><br />Heres the issue that I have with this game and ones like it: No consistency.  It was very confusing to me as a beginner guitar player. Instead of teaching me how to play a song, it instead throws random notes and or chords at you that make up bits and pieces of the song being played, instead of giving you the correct way to play the song from the beginning.  I am not a fan of the progression of difficulty.  I e. Throwing more notes at you once you get good at the first ones. I understand the concept,  but I find it messes me up because I get use to playing a song, thr next thing I know its all changed up and I am messing up playing. Which then knocks me back down, gives me a low score and I start back over. Id rather play the full version of the song, perhaps just at a slower pace rather than memorizing one thing only to have it changed up the next time I play it. I play mostly from muscle memory. I know very little about playing guitar,  but the stuff I know, my fingers go straight to it. When I start playing this game and mid song it decides Im ready for more of a challenge all it does is mess me up personally.  Some people may like it, but its hard for me. Its time consuming and confusing to learn and relearn when it can just show me the correct way from the start.",False
B00DB2BI8M,Rocksmith 2014 Edition - PC/Mac (Cable Included),5.0,0.637,Five Stars,Love this game. I've learned new songs since buying it.,True
B00DB2BI8M,Rocksmith 2014 Edition - PC/Mac (Cable Included),5.0,0.493,a+,Very easy to catch on,False
B00DB2BI8M,Rocksmith 2014 Edition - PC/Mac (Cable Included),5.0,0.0,Five Stars,"As advertised, now the game is included in my steam library.",True
B00DB2BI8M,Rocksmith 2014 Edition - PC/Mac (Cable Included),3.0,0.0,Three Stars,"maybe it's my computer, but this game needed too much processing power and graphics card for me.",True
B00DB2BI8M,Rocksmith 2014 Edition - PC/Mac (Cable Included),4.0,0.778,... for PC and now for Xbox One and much happier with the performance and reliability of the game,I have purchased this game for PC and now for Xbox One and much happier with the performance and reliability of the game. There are still some cord connection and pickup issues once in awhile.,True
B00DB2BI8M,Rocksmith 2014 Edition - PC/Mac (Cable Included),5.0,0.985,"Fantastic to learn skills, but you should see a real instructor too","Amazing.<br /><br />Seriously amazing.<br /><br />Now, I don't think you should only play Rocksmith to learn guitar. It's way to gimmicky for that.<br /><br />But to learn techniques, your position on the strings, frets, finger movement etc it's just fantastic and a heck of a lot of fun.<br /><br />But, if you really want to learn how to play see an instructor at least twice a month to check in and learn to play things correctly.<br /><br />The guitarcade alone is well worth the cost.<br /><br />My friend who has been playing for decades is right it's just fantastic.",True
B019WRM1IA,Microsoft Xbox 360 Wired Controller for Windows & Xbox 360 Console,5.0,0.223,Works Well!,"Great controller! I ordered this for my husband. He wanted Fallout 4, but since it's for the X-Box One which we don't have, he decided to get it for his PC. There was no configuration needed. The game recognized it right away. It's working as it should.",True
B019WRM1IA,Microsoft Xbox 360 Wired Controller for Windows & Xbox 360 Console,5.0,0.869,Recommend,Works great! Easy install to the PC.,True
B019WRM1IA,Microsoft Xbox 360 Wired Controller for Windows & Xbox 360 Console,5.0,0.637,Best for PC Compatibility,I use this as a game pad for PC games. It's compatible and most newer games will recognize it as a 360 controller right when you turn it on or in some cases you may need to turn it on before you start the game. Most games will already have preset controls already configured for the controller.,False
B019WRM1IA,Microsoft Xbox 360 Wired Controller for Windows & Xbox 360 Console,5.0,0.637,Five Stars,Love them.,True
B019WRM1IA,Microsoft Xbox 360 Wired Controller for Windows & Xbox 360 Console,5.0,0.854,I like to keep my reviews simple,"I like to keep my reviews simple, so don't expect anything too details (Who has time for that?)<br /><br />It works, it's responsive, and it's good for either your Xbox 360 or your PC. It should pick up the device driver automatically, but there is a disk to install those manually. Just be sure to restart your computer after you install and the device should be fine.",True
B019WRM1IA,Microsoft Xbox 360 Wired Controller for Windows & Xbox 360 Console,5.0,0.971,Perfect for PC Gaming,"I bought this to play games from the Fallout and The Elder Scrolls series on my PC.  It required no set up (other than auto detect installing the driver for me.)  I wish all the other controllers I tried were this easy!<br /><br />Performance-wise, I couldn't complain at all.  It's very comfortable, and feels well-built.  The layout makes a lot of sense, and everything feels as responsive as a solid controller should (this is coming from a guy who really likes Sony's DualShock design, too!)<br /><br />Now if we could only get Blizzard to work on Diablo 3 and WoW, and ArenaNet to work on Guild Wars 2 so we can use a controller to play those games...<br /><br />Highly recommended!",True
B019WRM1IA,Microsoft Xbox 360 Wired Controller for Windows & Xbox 360 Console,4.0,0.0,Four Stars,Does what it's meant to do.,True
B019WRM1IA,Microsoft Xbox 360 Wired Controller for Windows & Xbox 360 Console,5.0,0.477,"Hey, its a controller and it works.","It works for PC gaming. I bought it to play some steam games that work better with a controller. It does the job. Plugged it in and started using it, no drivers or anything required.",True
B019WRM1IA,Microsoft Xbox 360 Wired Controller for Windows & Xbox 360 Console,5.0,0.649,Wireless and solid.,"This controller is perfect for PC gaming. If you are on Widows 10 you don't even need drivers for it, it just goes.",True
B019WRM1IA,Microsoft Xbox 360 Wired Controller for Windows & Xbox 360 Console,5.0,0.572,Five Stars,Son happy with product,True
B019WRM1IA,Microsoft Xbox 360 Wired Controller for Windows & Xbox 360 Console,5.0,0.625,Five Stars,works great,True
B019WRM1IA,Microsoft Xbox 360 Wired Controller for Windows & Xbox 360 Console,5.0,0.273,Five Stars,Works well.,True
B019WRM1IA,Microsoft Xbox 360 Wired Controller for Windows & Xbox 360 Console,5.0,0.681,PC EMULATORS- MUST HAVE,"I bought this with the hopes of also using it for emulators on the PC.  Come to find out the receiver links up to four controllers wirelessly, just like the 360 does.  So I was rocking Mariokart 64 two player with two Xbox controllers.  Haven't tried four, but I'm sure it would work fine.<br /><br />Everything links up, easy-peasy in Windows 7.  Same range as the 360; I'm guessing the identical setup is inside the console.",True
B019WRM1IA,Microsoft Xbox 360 Wired Controller for Windows & Xbox 360 Console,3.0,-0.542,It's alright.,"It's a standard 360 controller, but I took off 2 stars because of the infamous D-Pad being just awful, and the right trigger isn't as smooth to go down as the left one.",True
B019WRM1IA,Microsoft Xbox 360 Wired Controller for Windows & Xbox 360 Console,5.0,0.887,"Gamers, casual or intense","This controller works great! Although it doesn't have the special &#34;D-Pad&#34;, it works great for the casual or more intense gamer.",True
B019WRM1IA,Microsoft Xbox 360 Wired Controller for Windows & Xbox 360 Console,5.0,0.962,"Most will prefer wireless, but it's a quick and simple way to add a controlller","I enjoy Steam in home streaming via my ultrabook (my gaming desktop does all the work), and this makes for a quick, precise, and familiar controller.  While the cord would normally be a hassle, here it's easier than attaching a dongle to my laptop, and it's ready to go in seconds.  No driver or anything to worry about.  For most users, I recommend the adapter to use the wireless controllers (which have flooded the market), but that's more for the freedom of no wires,  Otherwise, this is perfect.",True
B019WRM1IA,Microsoft Xbox 360 Wired Controller for Windows & Xbox 360 Console,5.0,0.708,Use daily.,My computer is just like an xbox now. Love it as I grew up a console gamer! No problems at all so long as the game supports controllers!,True
B019WRM1IA,Microsoft Xbox 360 Wired Controller for Windows & Xbox 360 Console,4.0,0.796,I like having the wired controller,"I like having the wired controller, but the directional joysticks squeak pretty loudly. Maybe there is some way to lubricate them because the PS4 controllers don't do this.",True
B019WRM1IA,Microsoft Xbox 360 Wired Controller for Windows & Xbox 360 Console,4.0,0.448,The right analog stick started squeaking after two days of ...,"The right analog stick started squeaking after two days of use, but aside from that it works and responds well!",True
B019WRM1IA,Microsoft Xbox 360 Wired Controller for Windows & Xbox 360 Console,4.0,0.91,Love the controller but it's not always dependable.,"I love the Xbox controller over all other controllers, but the buttons stick too easily - I guess any controller would do this. The other issue I've run into is it not always being recognized by a computer (this has happened on more than one computer with 2 separate controller). Maybe it's normal to have connectivity issues with Windows 7 and 8? I don't know.",True
B019WRM1IA,Microsoft Xbox 360 Wired Controller for Windows & Xbox 360 Console,5.0,0.946,... take advantage of the controller on their PCs -- happy gamers! Thank you very much,Allows the gamers in the family to take advantage of the controller on their PCs -- happy gamers! Thank you very much!,True
B019WRM1IA,Microsoft Xbox 360 Wired Controller for Windows & Xbox 360 Console,5.0,0.813,A must have for any moderately serious gamer.,"If you playing those games that are ported to PC, originally designed for your gaming consoles, you really need one of these.  Works great, using mine on Win 7 plug and play, no muss, no fuss,",True
B019WRM1IA,Microsoft Xbox 360 Wired Controller for Windows & Xbox 360 Console,4.0,0.858,Nice product,"The controller is excellent and works perfectly with the games on my computer.<br /><br />One thing I did not like it was, after the first use I was playing for like 15 min and the left wheel started to make a noise... It is annoying sometimes.<br /><br />I think is not as relevant but... they can improve the quality of it.",True
B019WRM1IA,Microsoft Xbox 360 Wired Controller for Windows & Xbox 360 Console,5.0,0.699,Need a controller? You're looking at one. On your screen. Go on. Buy it.,"For those of us who enjoy using controllers for games for one reason or another.<br />-Yeah, nerds, I know mouse and controller is the &#34;only way to go&#34;. But I moved out of my Mom's basement a decade ago.<br />For those of us who need a quality, familiar controller without needing to replace it in a week.<br />For those of us who know wired &#62; wireless for convenience.<br /><br />I highly recommend this controller for your PC/Fleetwood MAC.",True
B019WRM1IA,Microsoft Xbox 360 Wired Controller for Windows & Xbox 360 Console,5.0,0.955,Best controller ever.,Nothing has and will ever come close to being a perfect controller as this one. I've used the Xbox One controller and I really believe nothing beats this one. The triggers feel so beautiful and the overall ergonomics is fantastic.,True
B019WRM1IA,Microsoft Xbox 360 Wired Controller for Windows & Xbox 360 Console,5.0,0.572,Five Stars,just as described. perfect,True
B019WRM1IA,Microsoft Xbox 360 Wired Controller for Windows & Xbox 360 Console,4.0,0.852,works like it's supposed to,Well. It's an Xbox controller. How excited can i get......works like it's supposed to. Too expensive....don't drop it or you're out $30.00,True
B019WRM1IA,Microsoft Xbox 360 Wired Controller for Windows & Xbox 360 Console,5.0,0.913,Consoles don't suck abysmally when they're PCs.,"Girlfriend plays consoles, I play PCs. Had to buy her a controller that worked on Windows so she could play my library of Steam games. Works perfectly, now she can play Skyrim and it doesn't look like it came out in 1998.",True
B019WRM1IA,Microsoft Xbox 360 Wired Controller for Windows & Xbox 360 Console,5.0,0.96,"Works great , makes game play more fun.",Like the controller.  Bought this to play sky rim on the PC... Makes the game much more fun.  Setup was easy and once installed the game saw it with no problems.  The only way to play sky rim on the PC.,True
B019WRM1IA,Microsoft Xbox 360 Wired Controller for Windows & Xbox 360 Console,4.0,0.972,Gift for Hubby,"Word through the grapevine is that this is a good product.  I don't use it, my husband does but he is totally happy with it.  He likes to get the X-box games on the computer instead of playing them on the actual console so this works for him well.  It's much better than playing with the keyboard shortcuts and mouse.",True
B019WRM1IA,Microsoft Xbox 360 Wired Controller for Windows & Xbox 360 Console,5.0,0.996,"Steam Big Picture Compatible, Works great with Windows 7, Skyrim, Borderlands 2, Steam Big Picture","I am very impressed with this product. Not only is it offered at a great price, but the included wireless adapter that allows me to sync up ANY wireless XBOX360 controller (up to 4) with my pc for multi-player fun is most excellent! Nothing is better than sitting back on my futon and playing Skyrim on my PC with a controller, or bringing my friends over to play Magicka or an emulator based multi-player game using multiple XBOX360 controllers synced up to my pc.<br /><br />The only issue I have seen is that there is no way to turn the remote off when you stop playing, however the XBOX360 controllers have a very easy to access battery compartment. You only have to press the button and pivot the battery cover a small half inch and it will power off the remote. Nearly as easy as a power switch!<br /><br />With Steam's new Big Picture, your PC becomes a media center and with ease you can control it via your xbox360 controller.<br /><br />100% will buy this again if I need to, but based on the excellent experience I have had so far, I do not see there being any issues in quality to where I would need to buy another. Seriously thinking about purchasing one as a gift for a friend however :)<br /><br />Using this remote with XMBC is a bit of a setup, but once you do some searching (google it) you can find a somewhat simple solution and get it working just fine. It is not the controllers fault, it is actually XMBC's and Windows gamepad config's fault. Easily fixable. :)<br /><br />~John",True
B019WRM1IA,Microsoft Xbox 360 Wired Controller for Windows & Xbox 360 Console,5.0,0.625,Five Stars,"Great controller, using this on my PC.",True
B019WRM1IA,Microsoft Xbox 360 Wired Controller for Windows & Xbox 360 Console,5.0,-0.667,Five Stars,Product is as expected. I've had absolutely no problems.,True
B019WRM1IA,Microsoft Xbox 360 Wired Controller for Windows & Xbox 360 Console,5.0,0.0,Five Stars,Not much to say other than that the controller works as advertised.,True
B019WRM1IA,Microsoft Xbox 360 Wired Controller for Windows & Xbox 360 Console,5.0,0.941,Solid,"By far the best PC game pad on the market. Solid, good battery life for two AA's, nice black color, and perfect feel.",True
B019WRM1IA,Microsoft Xbox 360 Wired Controller for Windows & Xbox 360 Console,5.0,0.93,Still the best controller out for the money,"I've used the Dual Shock 4, the One controller, Steam controller and a few others... they all have their pluses and minuses but for $30 you still can't beat the 360 controller.  Its ergonomic, plenty of buttons, plug and play with pretty much any game on PC (which is where I use them) and stuff like aftermarket rechargeable battery packs and docking stations are very cheap.<br /><br />I have 2 of these in a Nyko docking station that came with 2 batteries connected to a Steam Link in my living room and everything is literally plug and play.  People who come over think we have a 360 hooked up to the TV but then get confused when we are playing non 360 games, they are that seamless.",True
B019WRM1IA,Microsoft Xbox 360 Wired Controller for Windows & Xbox 360 Console,5.0,0.807,Five Stars,Its an amazing gamepad. Comes with wireless adapter and its well built. Just plug and play.,True
B019WRM1IA,Microsoft Xbox 360 Wired Controller for Windows & Xbox 360 Console,5.0,0.939,Awesome controller,"Not a whole lot to say... works great, activates immediately, HUGE cord... like 10-15ft, and rumble pack. It is recommended.",True
B019WRM1IA,Microsoft Xbox 360 Wired Controller for Windows & Xbox 360 Console,5.0,0.869,Worth It,"Have used the mouse / keyboard combination for many years, so trying this was sort of a gamble. However, it was a wise investment and I think I'm going to like learning to use this and become more adept than with the mouse / keyboard way. Works flawlessly and is very intuitive and, most of all is responsive.",True
B019WRM1IA,Microsoft Xbox 360 Wired Controller for Windows & Xbox 360 Console,5.0,0.951,Excellent for PC Gaming,"I love this controller. It is awesome for the Button Smashing games I play, the ones I can't use my keyboard and mouse for. Like the LEGO Games.",True
B019WRM1IA,Microsoft Xbox 360 Wired Controller for Windows & Xbox 360 Console,5.0,0.44,Five Stars,Grandson was thrilled with this controller.,True
B019WRM1IA,Microsoft Xbox 360 Wired Controller for Windows & Xbox 360 Console,5.0,0.743,Quick and painless,Awesome product. Delivered on time nuff said,True
B019WRM1IA,Microsoft Xbox 360 Wired Controller for Windows & Xbox 360 Console,5.0,0.852,Great Wired Controller,My kids love having an extra controller to use for Minecraft on the Xbox 360.,False
B019WRM1IA,Microsoft Xbox 360 Wired Controller for Windows & Xbox 360 Console,5.0,0.527,Classic Xbox 360 Wired Controller,"Well made, and high quality, came on time and properly packaged. The controller works without issue, and is supported automatically on my computer via Windows.",True
B019WRM1IA,Microsoft Xbox 360 Wired Controller for Windows & Xbox 360 Console,5.0,0.572,Five Stars,Use with my computer. Is Perfect,True
B019WRM1IA,Microsoft Xbox 360 Wired Controller for Windows & Xbox 360 Console,5.0,0.91,This works great. I originally got it because the charge and ...,"This works great.  I originally got it because the charge and play pack I wanted wouldn't ship to Hawaii and I didn't want to have to wait for my controllers to charge all the time, but now I use this almost exclusively.  The cord is sufficiently long and the controller itself works perfectly.",True
B019WRM1IA,Microsoft Xbox 360 Wired Controller for Windows & Xbox 360 Console,5.0,0.777,Great controller!,"Purchased for PC gaming - Windows 10 PC recognizes the controller immediately.  No drivers required, just plug and play.<br /><br />To me, the 360 controller is one of the most comfortable controllers out there.",True
B019WRM1IA,Microsoft Xbox 360 Wired Controller for Windows & Xbox 360 Console,5.0,0.742,Great xbox controller,"Great xbox controller, we don't use it for the computer (yet, although we have games that can use it) and nice and sturdy but of course it is made by microsoft!",True
B019WRM1IA,Microsoft Xbox 360 Wired Controller for Windows & Xbox 360 Console,5.0,0.382,Works fine.,Works fine.,True
B019WRM1IA,Microsoft Xbox 360 Wired Controller for Windows & Xbox 360 Console,5.0,0.967,PERFECT for gaming on PC,"I bought a gaming laptop for the first time and dont wanna use a mouse and keyboard so I bought this because I already have a xbox 360 and I love the controller. Everything works so smoothly. The box contains a CD that you install quickly and then you just plug in the controller and play. It really is that simple. Every game that i have tried so far has easily recognized the controller and I have been able to just plug it in and start playing with no problems. The controller itself feels so natural in your hand, its just perfect.",True
